zone,zone_lat,zone_lon,predicted_violations,covered,displaced_out,displaced_in,residual_predicted
BTP082 - KR Market Junction,12.964437358705567,77.57722593887625,25.348545,True,7.6,0.0,17.75
BTP040 - Elite Junction,12.976622070795319,77.57660554051733,9.521468,True,2.86,0.0,6.66
BTP058 - Subbanna Junction,12.978989333010263,77.57865990497868,14.536808,True,4.36,0.0,10.18
BTP044 - Sagar Theatre Junction,12.974967581711818,77.578895476761,5.557448,True,1.67,0.0,3.89
BTP051 - Safina Plaza Junction,12.981216675419292,77.60866933585206,1.9941627,True,0.6,0.0,1.39
BTP057 - Anand Rao Junction,12.979392785939394,77.57440407684848,7.3284783,True,2.2,0.0,5.13
BTP045 - Danvanthri Road Junction,12.977073068989547,77.57476422605498,5.3622146,True,1.61,0.0,3.75
BTP211 - Central Street Junction,12.98332668621232,77.60345690325934,2.4674883,True,0.74,0.0,1.73
GRID_12.93_77.69,12.93286626741966,77.69019528705788,2.7001574,True,0.81,0.0,1.89
"BTP083 - AS Char Street, Mysore Road",12.966447272054511,77.57438870947549,4.0138383,True,1.2,0.0,2.81
GRID_13.01_77.7,13.00853972996253,77.69597298270608,7.081698,True,2.12,0.0,4.96
BTP032 - Windsor Circle,12.993096625500073,77.58822236588165,1.9931624,True,0.6,0.0,1.39
BTP020 - Hosahalli Metro Station,12.974213729787916,77.54529567544986,1.099857,False,0.0,0.0,1.1
BTP027 - Modi Bridge Junction,12.99886389153938,77.54944489164671,0.7149678,False,0.0,0.0,0.71
"BTP080 - NR Road, SP Road Junction",12.964389685110014,77.58320405554326,1.2351035,True,0.37,0.0,0.87
"BTP001 - 10th Cross, Dr. Rajkumar Road",13.007777754280745,77.55463778222777,1.7428074,False,0.0,0.0,1.74
BTP048 - Shanthala Junction,12.976916589944134,77.57074814102155,2.5492907,True,0.76,0.0,1.79
BTP023 - Mahalaxmi Layout Entrance,13.008962948062864,77.54919073276713,1.5809636,False,0.0,0.0,1.58
BTP038 - Mysore Bank Junction,12.97345650595092,77.5812734098773,1.0552754,True,0.32,0.0,0.74
BTP043 - Upparpet Junction,12.971141156464634,77.57557509754892,1.342093,True,0.4,0.0,0.94
"BTP016 - 5th Main Road, RPC Layout",12.965271313031003,77.53778991937591,0.44385162,False,0.0,0.0,0.44
BTP104 - Medical College Circle,12.959592314468084,77.57662682195745,1.5727165,True,0.47,0.0,1.1
BTP042 - Minsk Square Junction (CTO),12.981158241534988,77.59844703972911,0.52943987,True,0.16,0.0,0.37
"BTP011 - RR Kalyana Mantapa, Dr. Rajkumar Road",12.993699795955797,77.55377486975144,1.4823679,False,0.0,0.0,1.48
GRID_13.01_77.69,13.007213550671638,77.69048830261998,4.5223923,True,1.36,0.0,3.16
BTP108 - Tagore Park Junction,12.943919908505448,77.57145599325675,0.8060052,False,0.0,0.0,0.81
"BTP070 - Cholurpalya Junction, Magadi Road",12.97348335557552,77.55079738411703,0.36055437,False,0.0,0.0,0.36
GRID_13.18_77.68,13.184044065363398,77.67998424357705,3.6238067,False,0.0,0.0,3.62
BTP096 - Gali Anjaneya Temple,12.952584804157238,77.54121168047804,0.91244256,False,0.0,0.0,0.91
GRID_13.01_77.55,13.01175099404301,77.55371014683871,1.4686155,False,0.0,0.0,1.47
BTP061 - Bhashyam Circle,12.985179307748298,77.55395829537082,0.71411747,False,0.0,0.0,0.71
"BTP182 - 19th Main Junction, Rajajinagar",12.998964814459148,77.55086697652493,0.35799605,False,0.0,0.0,0.36
"BTP022 - Marenahalli Junction, Vijayanagar",12.96876777975821,77.53672266454917,0.36607847,False,0.0,0.0,0.37
BTP063 - Siddalingaiah Circle,12.971520568655096,77.59672272939262,0.47750038,False,0.0,0.0,0.48
"BTP026 - 1st Block Junction, Rajajinagar",13.002449113326447,77.55009747871901,0.3107164,False,0.0,0.0,0.31
"BTP204 - ESI Hospital, Rajajinagar",12.990391505138339,77.55374700711464,0.897778,False,0.0,0.0,0.9
BTP135 - UCO Bank Junction,12.935614800409418,77.61498017666327,0.38396713,False,0.0,0.0,0.38
"BTP170 - Dr. Bheem Rao Palace, Chord Road",12.990421004162116,77.5512981467759,0.8263114,False,0.0,0.0,0.83
GRID_12.98_77.61,12.982315039961069,77.61142804699666,2.0077145,True,0.6,0.0,1.41
BTP118 - Basappa Circle,12.958122083148147,77.57755178,0.6703259,True,0.2,0.0,0.47
BTP205 - Modi Hospital Junction,12.99749328843376,77.54689053376117,0.2828279,False,0.0,0.0,0.28
GRID_13.07_77.59,13.071008121621116,77.58842966218143,0.5397043,False,0.0,0.0,0.54
BTP010 - Rajajinagar Entrance,12.982219445330337,77.56000469953807,0.34002092,False,0.0,0.0,0.34
"BTP189 - New Diagonal Road, Jayanagar",12.928088273359073,77.58068341254827,0.6403309,False,0.0,0.0,0.64
BTP137 - Madiwala Traffic PS Junction,12.923003773243375,77.62004738469177,0.7419344,False,0.0,0.0,0.74
BTP068 - Veeresh Theatre Junction,12.977204228666666,77.54560205444444,0.62966955,False,0.0,0.0,0.63
BTP008 - Navarang Theatre,12.998479756367226,77.55309288953602,0.23540446,False,0.0,0.0,0.24
GRID_13.01_77.57,13.006951315854739,77.57045226303514,1.4190156,False,0.0,0.0,1.42
BTP069 - MC Circle,12.974678015539343,77.54747629313898,0.4421763,False,0.0,0.0,0.44
"BTP148 - 17th Main, Doopanahalli Bus Stop",12.963544359694668,77.64224911220946,0.38611752,False,0.0,0.0,0.39
"BTP095 - Satellite Bus Stand, Mysore Road",12.953803576387163,77.5433510796265,0.48043236,False,0.0,0.0,0.48
BTP054 - Shivananda Circle,12.986304582859464,77.57888402889894,0.31143835,True,0.09,0.0,0.22
BTP167 - JC Road Junction,12.958270949400605,77.5812765294281,0.7481402,True,0.22,0.0,0.53
BTP192 - Urvashi Theater,12.95644291764706,77.58601795813148,0.3834928,False,0.0,0.0,0.38
BTP172 - Nanjappa Circle,12.961712130591632,77.5994701020202,0.23431048,False,0.0,0.0,0.23
BTP028 - Vijayanagar Bus Stand Junction,12.972557481866048,77.53810466215123,0.24769284,False,0.0,0.0,0.25
BTP208 - Havanur Circle,12.987943587152564,77.5375518757677,0.26842952,False,0.0,0.0,0.27
BTP071 - Prasanna Junction,12.974425242344251,77.55209937891078,0.30238038,False,0.0,0.0,0.3
BTP074 - Leprosy Hospital Junction,12.975734541859076,77.56168708821251,0.20161189,False,0.0,0.0,0.2
GRID_13.04_77.59,13.035899075386217,77.58915421361779,2.1453772,False,0.0,0.0,2.15
"BTP115 - Sahasra Hospital, Jayanagar",12.9172537672404,77.57373717884926,0.49471766,False,0.0,0.0,0.49
"BTP206 - Shankara Mutt Circle, Vijayanagar",12.998634004522613,77.54148434706867,0.14125662,False,0.0,0.0,0.14
"BTP210 - 50th cross, 12th Main , Rajajinagar",12.986993655784064,77.5551775596401,0.3250076,False,0.0,0.0,0.33
"BTP062 - Basava Mantapa, Dr. Rajkumar Road",12.979942471434695,77.55467846447999,0.3218263,False,0.0,0.0,0.32
BTP184 - Lalbagh West Gate,12.948408644615386,77.58014869538462,0.55077916,False,0.0,0.0,0.55
"BTP024 - NPS, Vijayanagar",12.98285641751018,77.54881741390679,0.37222025,False,0.0,0.0,0.37
BTP136 - Hosur-Tavarkere Road Junction,12.934256872468355,77.60856094556962,0.36081043,False,0.0,0.0,0.36
"BTP033 - Sophia High School, Sankey Road",12.990396026086957,77.58866933540372,0.4633325,True,0.14,0.0,0.32
"BTP123 - 10th Cross, Wilson Garden",12.946074685373008,77.59611191647917,0.24714403,False,0.0,0.0,0.25
BTP155 - Katriguppe Junction,12.926701964163822,77.55074101638225,0.40081972,False,0.0,0.0,0.4
"BTP226 - 33rd Cross, 11th Main, Jayanagar",12.92587461497326,77.58560018262033,0.2331426,False,0.0,0.0,0.23
"BTP202 - East End Main Road, Jayanagar",12.917146362068966,77.59691362068966,0.45793623,False,0.0,0.0,0.46
BTP018 - Dhobi Ghat Junction,12.987581793589744,77.54985970128205,0.23275422,False,0.0,0.0,0.23
BTP091 - Sirsi Circle,12.962144173390557,77.55870154763949,0.33351043,False,0.0,0.0,0.33
"BTP101 - Blood Bank Circle, KH Road",12.961954240163934,77.5961973273224,0.06981829,False,0.0,0.0,0.07
BTP076 - Hudson Circle,12.968017993059126,77.5887969092545,0.13492288,False,0.0,0.0,0.13
BTP140 - Madiwala Check Post,12.93232729010239,77.61331337269624,0.21364106,False,0.0,0.0,0.21
BTP126 - Dairy Circle,12.936761205533596,77.60207464584981,0.20899801,False,0.0,0.0,0.21
BTP067 - Jai Muni Rao Circle,12.97851010095941,77.5427450559276,0.096722625,False,0.0,0.0,0.1
"BTP179 - 9th Block, 28th Main, Jayanagar",12.916983268749998,77.59499624625,0.4021817,False,0.0,0.0,0.4
"BTP176 - Rajalakshmi Kalyana Mantapa, JP Nagar",12.91730204968153,77.57837235923567,0.2853289,False,0.0,0.0,0.29
"BTP188 - 27th Cross, 4th Main, Jayanagar",12.929678117578124,77.58056281445313,0.33381918,False,0.0,0.0,0.33
BTP085 - Briyand Circle,12.966174915827338,77.56939723597122,0.35754612,True,0.11,0.0,0.25
BTP130 - GD Mara Junction,12.908069806993007,77.60081927185315,0.1475555,False,0.0,0.0,0.15
"BTP117 - 9th Cross, Kanakapura Road",12.91238351302521,77.57324936218488,0.29641885,False,0.0,0.0,0.3
"BTP099 - Cash Pharmacy, Residency Road",12.969258660389611,77.60025074188312,0.10811977,False,0.0,0.0,0.11
BTP215 - Vanivillas Junction,12.946164027505311,77.57023107982037,0.13282716,False,0.0,0.0,0.13
BTP180 - Swagath Poornima Theatre,12.960504212931033,77.58728456206896,0.17603138,False,0.0,0.03,0.21
BTP098 - Nayandahalli Junction,12.944968452830189,77.52777250314465,0.27696058,False,0.0,0.0,0.28
BTP041 - Gopal Gowda Circle,12.977367761450381,77.59045643778626,0.21672009,False,0.0,0.07,0.29
BTP017 - Attiguppe Circle,12.960579954599407,77.52975111008902,0.015373715,False,0.0,0.0,0.02
BTP100 - Richmond Circle,12.962794659409594,77.59828995424354,0.06596064,False,0.0,0.0,0.07
BTP078 - NR Square Junction,12.965887268780488,77.58540834780489,0.17849608,True,0.05,0.0,0.13
BTP219 - Canara Bank Junction,12.931163036825396,77.58447701111112,0.0799663,False,0.0,0.0,0.08
BTP146 - Domlur Water Tank,12.960501909016394,77.63876197213115,0.25649008,False,0.0,0.0,0.26
BTP109 - Dewan Madhava Rao Junction,12.940876033076922,77.5724223026923,0.14948645,False,0.0,0.0,0.15
"BTP145 - Sri Hatti Maramma Circle, Domluru",12.961289213222164,77.63616230302713,0.19324657,False,0.0,0.0,0.19
BTP218 - Syndicate Bank Junction,12.934745061184211,77.58441769605264,0.045438863,False,0.0,0.0,0.05
"BTP163 - 16th Main Road, BTM Layout",12.915018361967213,77.6085338095082,0.06336504,False,0.0,0.0,0.06
"BTP221 - 15th Cross, 24th Main, JP Nagar",12.904821129473683,77.58624848105264,0.25488916,False,0.0,0.0,0.25
BTP214 - 5th Main Chamrajpet  Junction,12.966109929586068,77.54990258726592,0.18372726,False,0.0,0.0,0.18
BTP225 - Geetha Junction,12.928369027272728,77.58585405849803,0.037292287,False,0.0,0.0,0.04
BTP171 - Indian Express (Balekundri),12.986118457731958,77.59866572268041,0.21483186,True,0.06,0.0,0.15
"BTP177 - Aurobindo Circle, ORR",12.916604498192772,77.58521114759036,0.14643414,False,0.0,0.0,0.15
BTP052 - CID Carlton House Junction,12.980892975739932,77.58766559770304,0.112536594,True,0.03,0.0,0.08
BTP047 - Vidhan Soudha Metro Station,12.979841192592591,77.59251356560847,0.11690518,False,0.0,0.0,0.12
BTP034 - LRDE Junction,12.988376719514173,77.59181692993047,0.113099,True,0.03,0.0,0.08
BTP037 - KR Circle,12.976492461780106,77.58641872356021,0.11123438,True,0.03,0.0,0.08
BTP075 - Police Corner,12.96872643839462,77.58633180090612,0.14563161,False,0.0,0.0,0.15
BTP220 - Puttanna Junction,12.928850529296875,77.5828325640625,0.028226193,False,0.0,0.0,0.03
BTP009 - Prakash Nagar Junction,12.992510784831461,77.5575310719101,0.09003056,False,0.0,0.0,0.09
BTP132 - Anepalya Junction,12.951218263265307,77.60693767210884,0.145727,False,0.0,0.0,0.15
"BTP186 - 9th Cross, 4th Main, Jayanagar",12.939346947891531,77.58306246593123,0.12074562,False,0.0,0.0,0.12
"BTP197 - 9th Cross, 24th Main, JP Nagar",12.911649257920791,77.58617407673268,0.06409381,False,0.0,0.0,0.06
BTP092 - Bangalore Builders Junction,12.959349637647058,77.5557458717647,0.12793598,False,0.0,0.0,0.13
BTP120 - Lalbagh Main Gate Junction,12.954161373619632,77.58463449325154,0.07383964,False,0.0,0.0,0.07
"BTP102 - BMTC Junction, KH Road",12.95558064,77.59289194142858,0.07624105,False,0.0,0.0,0.08
BTP105 - Shivasankara Circle,12.956886487078652,77.57419385617978,0.0974965,True,0.03,0.0,0.07
BTP119 - Minerva Circle,12.955120233734938,77.58029479216867,0.063625835,False,0.0,0.43,0.49
BTP216 - Yediyur Junction,12.93802209089189,77.57687954027875,0.1373507,False,0.0,0.0,0.14
BTP122 - Siddapura Junction,12.948459547286822,77.59291910930233,0.103695594,False,0.0,0.0,0.1
"BTP168 - MSR Building, JC Road",12.961178251219511,77.5842871495935,0.11377728,True,0.03,0.0,0.08
BTP166 - Coffee Board Junction,12.984923901801801,77.59434976306306,0.09320076,False,0.0,0.1,0.19
BTP173 - TMC,12.982320013533833,77.59870472105264,0.07718323,True,0.02,0.0,0.06
BTP203 - RRMR Junction,12.967407398347108,77.59355071239669,0.052680604,False,0.0,0.0,0.05
BTP207 - 8th Main Road Basaveshwara Nagar,12.991911170558376,77.53847922335025,0.043865666,False,0.0,0.0,0.04
BTP079 - Town Hall Junction,12.964662841935484,77.58480971935484,0.03386912,True,0.01,0.0,0.02
BTP128 - Gorappanapalya Junction,12.920613594117647,77.6003740882353,0.1241243,False,0.0,0.0,0.12
BTP106 - VV Puram College,12.952853619144381,77.5742573657524,0.040196486,False,0.0,0.03,0.07
"BTP190 - 36th Cross, 4th Main, Jayanagar",12.922651633687517,77.58126195007735,0.035898536,False,0.0,0.0,0.04
BTP217 - Baleyele Junction,12.957376190529521,77.56945101736699,0.07395783,False,0.0,0.02,0.09
BTP222 - Delmia Circle,12.905872203529412,77.59264487411765,0.069201514,False,0.0,0.0,0.07
"BTP113 - 27th Cross, Pai Vista, KR Road",12.917530724324326,77.57309781441441,0.0636039,False,0.0,0.0,0.06
"BTP094 - Sri Skanda Complex, Mysore Road",12.95581615764706,77.54618573529412,0.05014409,False,0.0,0.0,0.05
BTP103 - Shanti Nagar TTMC,12.953835349166667,77.59173402500001,0.045245443,False,0.0,0.0,0.05
BTP107 - National College Junction,12.948955050684932,77.57294951506849,0.02415042,False,0.0,0.0,0.02
"BTP127 - Sagar Hospital, Jayanagar",12.927932214705882,77.59837052941177,0.052924205,False,0.0,0.0,0.05
"BTP089 - Police Quarters, Sultan Road",12.960992125,77.5635322325,0.06258953,False,0.0,0.0,0.06
BTP036 - Police Thimmaiah Circle (GPO),12.98094640945946,77.59428802297298,0.011586725,False,0.0,0.16,0.17
BTP121 - KH Circle,12.951919158666666,77.59041085733334,0.04712663,False,0.0,0.0,0.05
BTP064 - Devanga Hostel Junction,12.96268053368421,77.58990699578948,0.028168613,False,0.0,0.0,0.03
BTP212 - Minto Junction,12.960257728985507,77.57143755652173,0.049402874,True,0.01,0.0,0.04
"BTP159 - JP Nagar Metro, ORR",12.906232425875,77.573168152875,0.05854333,False,0.0,0.0,0.06
"BTP191 - 40th Cross, 4th Main, Jayanagar",12.92006186516854,77.5822193022472,0.04420274,False,0.0,0.0,0.04
BTP196 - Sarakki Main Road,12.91112095952765,77.5781207231884,0.06368355,False,0.0,0.0,0.06
BTP193 - Vasavi Circle,12.949692636337348,77.57682725461063,0.037241053,False,0.0,0.0,0.04
BTP138 - Sarjapur Road Check Post,12.927108226774553,77.61689196143901,0.060884777,False,0.0,0.0,0.06
BTP158 - Devegowda Petrol Bunk,12.921269069483158,77.5603682596793,0.09856366,False,0.0,0.0,0.1
"BTP015 - Suguna Hospital, Dr. Rajkumar Road",12.987772653164557,77.5594433392405,0.021635959,False,0.0,0.0,0.02
BTP053 - Three Let Junction,12.983840382608696,77.58177968913044,0.027389275,True,0.01,0.0,0.02
BTP187 - South End Circle,12.937353674534268,77.58199584693376,0.026339531,False,0.0,0.0,0.03
BTP134 - Mico Bande,12.945716540540541,77.6025567972973,0.036080167,False,0.0,0.0,0.04
"BTP114 - KR Road Junction, Near JSS",12.924322724413159,77.57493878339055,0.0089957435,False,0.0,0.0,0.01
BTP185 - RV Teachers College,12.944620242592592,77.58062071851852,0.007977878,False,0.0,0.0,0.01
BTP133 - Adugodi Junction,12.941890507462688,77.60854312089552,0.030765418,False,0.0,0.0,0.03
"BTP093 - Toll Gate, Mysore Road",12.958547894444443,77.55221098194444,0.036275584,False,0.0,0.0,0.04
BTP035 - Basaweshwara Circle (LH) Junction,12.98461576451613,77.58817643870967,0.010579817,True,0.0,0.0,0.01
BTP077 - Halasuru Gate Junction,12.966897120833332,77.5870293625,0.010729262,False,0.0,0.43,0.44
BTP156 - Kamakya Junction,12.923800053611933,77.55335398807121,0.0102983285,False,0.0,0.0,0.01
"BTP178 - 18th Main, Marenahalli",12.91689827142857,77.58956701428572,0.034166493,False,0.0,0.0,0.03
BTP030 - Mekhri Circle,13.012824675714286,77.58383126285715,0.011930501,False,0.0,0.0,0.01
BTP143 - ASC Junction,12.969471173333334,77.61978309333334,0.009865768,False,0.0,0.0,0.01
BTP006 - Navarang Bar Junction,12.99110927631579,77.55770017368421,0.010386317,False,0.0,0.0,0.01
"BTP025 - Puttamma Choultry, Nagarbhavi",12.978654194999999,77.53813890500001,0.008407307,False,0.0,0.0,0.01
BTP142 - Lower Agram Road Junction,12.962000976190476,77.61538746190476,0.0073541054,False,0.0,0.0,0.01
BTP141 - Palmgroove Junction,12.968275867567566,77.61366548648648,0.0044711335,False,0.0,0.0,0.0
"BTP164 - 29th Main Road, BTM Layout",12.915922940343162,77.61541795166417,0.020870246,False,0.0,0.0,0.02
"BTP200 - 15th Cross, 33rd Main, JP Nagar",12.906321830434782,77.58130143913044,0.007851298,False,0.0,0.0,0.01
BTP213 - Royan Circle,12.960757848606496,77.56831495368421,0.009869725,True,0.0,0.0,0.01
"BTP112 - 14th Cross, KR Road",12.92934653,77.57320882,0.002582355,False,0.0,0.0,0.0
"BTP110 - Bharathi Nursing Home, Basavanagudi",12.93742960532226,77.57230527575187,0.0007577491,False,0.0,0.0,0.0
BTP154 - Itmadu Junction,12.930232485714285,77.54541242857144,0.0006719437,False,0.0,0.0,0.0
BTP144 - Commando Hospital Junction,12.968701750000001,77.62630552499999,0.0045483205,False,0.0,0.0,0.0
"BTP161 - 15th Cross, 35th Main, JP Nagar",12.906493766666665,77.577648025,0.0061682225,False,0.0,0.0,0.01
BTP181 - Bileka Halli Junction,12.9019944125,77.60112085,0.0013486043,False,0.0,0.0,0.0
BTP157 - Kadirenahalli Cross,12.912996066666667,77.56706291333333,0.0010008371,False,0.0,0.0,0.0
"BTP198 - 9th Cross, 8th Main, JP Nagar",12.910182857142857,77.5956611,0.00375779,False,0.0,0.0,0.0
GRID_12.89_77.64,12.890707578980251,77.6387934396799,3.0498073,False,0.0,0.0,3.05
GRID_13.0_77.57,12.999157963081146,77.57067657143307,0.6328531,False,0.0,0.0,0.63
GRID_13.0_77.67,12.996406084503095,77.66879607077169,2.3696024,False,0.0,0.0,2.37
GRID_13.0_77.68,13.000496497096663,77.67730860277838,2.2555075,False,0.0,0.0,2.26
GRID_12.93_77.68,12.92730742302336,77.67927728206413,1.8966236,False,0.0,0.0,1.9
GRID_12.99_77.6,12.98940879062338,77.60034623024461,2.5851076,True,0.78,0.0,1.81
GRID_12.94_77.7,12.939745543697065,77.69687606479994,0.7996453,False,0.0,0.0,0.8
GRID_12.97_77.61,12.972334250489427,77.60968779535388,1.2406952,True,0.37,0.0,0.87
GRID_12.97_77.62,12.973081400721911,77.61924401246961,1.4534587,False,0.0,0.0,1.45
GRID_13.19_77.68,13.18736892340802,77.68032602824292,1.0171351,False,0.0,0.0,1.02
GRID_12.99_77.57,12.990622984248333,77.57262878327347,0.9270471,False,0.0,0.0,0.93
GRID_12.96_77.72,12.96199766822802,77.71715576768345,0.9068646,False,0.0,0.0,0.91
GRID_12.91_77.63,12.909304294183482,77.63007798692958,1.0694075,False,0.0,0.0,1.07
GRID_12.94_77.69,12.936275426592282,77.69180060837698,1.2693003,True,0.38,0.0,0.89
GRID_13.0_77.61,12.997784809367397,77.61218897925791,0.5576306,False,0.0,0.0,0.56
GRID_13.1_77.6,13.09731581945795,77.59935528704435,1.78733,False,0.0,0.0,1.79
GRID_13.03_77.54,13.029212624410057,77.53923860108682,1.4148664,False,0.0,0.0,1.41
GRID_12.96_77.7,12.957890746228077,77.70150991942758,0.7462051,False,0.0,0.0,0.75
GRID_12.97_77.66,12.971386472277048,77.65808232698889,0.9302942,False,0.0,0.0,0.93
GRID_12.95_77.7,12.949891874274797,77.69957600147247,1.0735657,False,0.0,0.0,1.07
GRID_12.96_77.65,12.9596272721904,77.64778127604174,0.9477075,False,0.0,0.0,0.95
GRID_12.91_77.64,12.911617668865443,77.6379102259959,0.38285023,False,0.0,0.0,0.38
GRID_12.97_77.71,12.971546419687106,77.71194441374813,0.8531638,False,0.0,0.0,0.85
GRID_12.99_77.61,12.990677105966894,77.60878863097561,0.69481957,False,0.0,0.0,0.69
GRID_13.19_77.65,13.1912518608,77.64623554427587,0.6384653,False,0.0,0.0,0.64
GRID_13.06_77.59,13.06155912352622,77.59007049334042,0.39085394,False,0.0,0.0,0.39
GRID_12.99_77.66,12.99339169049954,77.66240332037073,0.6595376,False,0.0,0.0,0.66
GRID_12.97_77.65,12.97043379566521,77.64758168566345,0.40853092,False,0.0,0.0,0.41
GRID_12.84_77.65,12.841695712077703,77.64683507837839,0.35255808,False,0.0,0.0,0.35
GRID_12.97_77.64,12.969850851438833,77.6406845895895,0.27998656,False,0.0,0.0,0.28
GRID_13.03_77.59,13.031593231695556,77.58792562434873,0.3969949,False,0.0,0.0,0.4
GRID_12.97_77.58,12.969516043665015,77.57593034244353,0.44540167,True,0.13,0.0,0.32
GRID_13.05_77.58,13.047631684634146,77.57610700231707,0.73562497,False,0.0,0.0,0.74
GRID_13.02_77.56,13.018269436277144,77.55759708554575,0.67726374,False,0.0,0.0,0.68
GRID_13.02_77.53,13.018764896676737,77.53159845226587,0.5545897,False,0.0,0.0,0.55
GRID_12.95_77.72,12.951507326752585,77.71746926868809,0.832821,False,0.0,0.0,0.83
GRID_12.98_77.64,12.97901119579896,77.63990778844614,0.51552474,False,0.0,0.0,0.52
GRID_12.93_77.63,12.930945671653543,77.63211823950131,0.60315746,False,0.0,0.0,0.6
GRID_12.92_77.67,12.920339341024242,77.66965571662604,0.5844931,False,0.0,0.0,0.58
GRID_12.9_77.68,12.899573188610386,77.67553171059443,0.46145043,False,0.0,0.0,0.46
GRID_13.0_77.7,12.995375450421525,77.6963883122724,0.45380795,False,0.0,0.0,0.45
GRID_12.88_77.65,12.877618998177343,77.64721667009009,0.63849735,False,0.0,0.0,0.64
GRID_13.03_77.62,13.033556794163424,77.62384081167315,0.64185154,False,0.0,0.0,0.64
GRID_12.88_77.64,12.88294517953203,77.64181161704204,0.71780103,False,0.0,0.0,0.72
GRID_12.84_77.64,12.84218213521131,77.64429451715615,0.3813178,False,0.0,0.0,0.38
GRID_13.03_77.58,13.027638487411393,77.57810546454687,0.51981056,False,0.0,0.0,0.52
GRID_13.05_77.59,13.050785760443624,77.59295122402958,0.31199345,False,0.0,0.0,0.31
GRID_13.01_77.53,13.008735529850746,77.5276437814499,0.4035912,False,0.0,0.0,0.4
GRID_12.97_77.72,12.966027628856624,77.71780480108893,0.19404696,False,0.0,0.0,0.19
GRID_12.98_77.56,12.975795432199533,77.55887079442296,0.17015967,False,0.0,0.0,0.17
GRID_13.02_77.59,13.0220579012939,77.59131261330869,0.16465163,False,0.0,0.0,0.16
GRID_13.03_77.57,13.028638109259258,77.57249247849002,0.23673515,False,0.0,0.0,0.24
GRID_12.99_77.59,12.992556024609375,77.59109175605468,0.1970575,True,0.06,0.0,0.14
GRID_13.0_77.69,12.996998279039644,77.69257045415564,0.26692536,False,0.0,0.0,0.27
GRID_13.0_77.56,12.99663009876325,77.56270722173144,0.19382215,False,0.0,0.0,0.19
GRID_12.88_77.6,12.878281968476093,77.59635725492348,0.23261274,False,0.0,0.0,0.23
GRID_12.96_77.52,12.957394943609996,77.51879339553686,0.33769006,False,0.0,0.0,0.34
GRID_12.93_77.61,12.929638162987013,77.60734136580086,0.21310347,False,0.0,0.0,0.21
GRID_13.01_77.56,13.008857324,77.55673444610527,0.21089421,False,0.0,0.0,0.21
GRID_12.96_77.55,12.964367150310558,77.5530788757764,0.2522739,False,0.0,0.0,0.25
GRID_12.98_77.63,12.978876603778344,77.62869914521781,0.25041127,False,0.0,0.0,0.25
GRID_13.12_77.61,13.12090222142857,77.61108189214285,0.5174084,False,0.0,0.0,0.52
GRID_13.02_77.55,13.018747146477583,77.55112968158963,0.38924575,False,0.0,0.0,0.39
GRID_12.96_77.54,12.964293660915493,77.54110575140845,0.30201477,False,0.0,0.0,0.3
GRID_12.96_77.53,12.960900165382622,77.52774607510695,0.020945566,False,0.0,0.0,0.02
GRID_12.99_77.62,12.990668579276702,77.61728964408472,0.2885883,False,0.0,0.0,0.29
GRID_12.94_77.52,12.937497335616438,77.52017331666667,0.24150841,False,0.0,0.0,0.24
GRID_12.98_77.7,12.978652590033535,77.6956770725469,0.34896573,False,0.0,0.0,0.35
GRID_12.96_77.51,12.960962846896553,77.51152006390805,0.09463465,False,0.0,0.0,0.09
GRID_12.94_77.59,12.938547443418498,77.5871244656873,0.14840245,False,0.0,0.0,0.15
GRID_12.93_77.7,12.93199635279955,77.69593647237595,0.40622455,True,0.12,0.0,0.29
GRID_12.91_77.68,12.912258868073401,77.67937285818984,0.14178605,False,0.0,0.0,0.14
GRID_13.04_77.52,13.039708836984687,77.51855996042403,0.26656157,False,0.0,0.0,0.27
GRID_13.0_77.62,12.998891192227978,77.61948345569948,0.1440867,False,0.0,0.0,0.14
GRID_12.99_77.73,12.987503404661016,77.73387462245762,0.13125746,False,0.0,0.0,0.13
GRID_13.01_77.54,13.009479617985612,77.54224147302158,0.19767508,False,0.0,0.0,0.2
GRID_13.03_77.63,13.029549156565658,77.6288787060606,0.4574419,False,0.0,0.0,0.46
GRID_12.89_77.56,12.888682648899172,77.5624224860402,0.21942417,False,0.0,0.0,0.22
GRID_12.97_77.63,12.972165256982299,77.62760448142781,0.25957695,False,0.0,0.0,0.26
GRID_12.91_77.61,12.913225786175117,77.60623939124424,0.24751033,False,0.0,0.0,0.25
GRID_13.02_77.58,13.023095236462277,77.58470699353232,0.21870074,False,0.0,0.0,0.22
GRID_13.0_77.58,12.998645675586854,77.58141189342723,0.32865077,True,0.1,0.0,0.23
GRID_13.1_77.58,13.09892656644737,77.57968609934211,0.3240247,False,0.0,0.0,0.32
GRID_12.94_77.62,12.938923547849463,77.61986757284946,0.14727075,False,0.0,0.0,0.15
GRID_12.99_77.65,12.991380519209939,77.65191252355667,0.26021022,False,0.0,0.0,0.26
GRID_12.98_77.62,12.977170190523722,77.61923123024928,0.23527583,False,0.0,0.0,0.24
GRID_12.93_77.62,12.928376018505338,77.62040047793595,0.2008375,False,0.0,0.0,0.2
GRID_12.97_77.51,12.972061330357144,77.508960315625,0.26000717,False,0.0,0.0,0.26
GRID_12.84_77.68,12.839988477857695,77.67709304103802,0.05149837,False,0.0,0.0,0.05
GRID_12.95_77.59,12.94607781030949,77.58765630307454,0.367542,False,0.0,0.0,0.37
GRID_13.05_77.51,13.047856270103093,77.507430895189,0.21363342,False,0.0,0.0,0.21
GRID_12.99_77.72,12.992675197916666,77.717627009375,0.35615984,False,0.0,0.0,0.36
GRID_12.87_77.65,12.870996338892036,77.65301381931575,0.20596083,False,0.0,0.0,0.21
GRID_12.92_77.65,12.91994160730897,77.65046660897009,0.045267887,False,0.0,0.0,0.05
GRID_13.03_77.56,13.032814341089116,77.55900086553227,0.031585664,False,0.0,0.0,0.03
GRID_12.94_77.57,12.941649174072719,77.56710402737954,0.06749633,False,0.0,0.0,0.07
GRID_13.05_77.55,13.050051060434782,77.55160854826086,0.15243839,False,0.0,0.0,0.15
GRID_13.12_77.63,13.121563367142857,77.63098209977679,0.15159714,False,0.0,0.0,0.15
GRID_13.04_77.57,13.037821995081966,77.57151156557377,0.2284097,False,0.0,0.0,0.23
GRID_13.09_77.59,13.093649192857143,77.59421949183672,0.04311893,False,0.0,0.0,0.04
GRID_12.99_77.74,12.987056746258503,77.73607077142857,0.21752305,False,0.0,0.0,0.22
GRID_12.98_77.71,12.979418091237113,77.71036829329897,0.16726767,False,0.0,0.0,0.17
GRID_13.02_77.64,13.022117409185599,77.63916037521675,0.06090448,False,0.0,0.0,0.06
GRID_12.99_77.5,12.989641079281443,77.5018067672808,0.107828386,False,0.0,0.0,0.11
GRID_12.97_77.55,12.968153701260505,77.54658635714286,0.11008805,False,0.0,0.0,0.11
GRID_13.05_77.49,13.05135762320464,77.49084478285728,0.2427604,False,0.0,0.0,0.24
GRID_12.96_77.73,12.960160175014156,77.73214764999824,0.16719374,False,0.0,0.0,0.17
GRID_12.99_77.71,12.988756907287325,77.71002086051739,0.25624576,False,0.0,0.0,0.26
GRID_12.91_77.55,12.908912275454455,77.54867479573748,0.1329338,False,0.0,0.0,0.13
GRID_13.0_77.6,12.999948330939228,77.59758635359117,0.12669924,False,0.0,0.0,0.13
GRID_13.06_77.58,13.060511651629975,77.57816062433398,0.16119167,False,0.0,0.0,0.16
GRID_12.96_77.71,12.957006148837207,77.71167998430232,0.15911229,False,0.0,0.0,0.16
GRID_12.91_77.7,12.906778402536801,77.69693050813986,0.12873927,False,0.0,0.0,0.13
GRID_12.94_77.75,12.940802205919958,77.74739034078512,0.18187286,False,0.0,0.0,0.18
GRID_12.99_77.52,12.98722609525669,77.51957937937212,0.05681432,False,0.0,0.0,0.06
GRID_13.05_77.57,13.047636456886229,77.57311373712575,0.13493574,False,0.0,0.0,0.13
GRID_12.97_77.7,12.968620753902266,77.70114612497116,0.12483527,False,0.0,0.0,0.12
GRID_13.04_77.62,13.037468609009009,77.6230085945946,0.13558723,False,0.0,0.0,0.14
GRID_12.98_77.58,12.978809615697676,77.58163294825582,0.08586857,True,0.03,0.0,0.06
GRID_13.05_77.53,13.050728321658987,77.52600922764977,0.010819498,False,0.0,0.0,0.01
GRID_12.96_77.67,12.958685702166065,77.66806378772563,0.047504682,False,0.0,0.0,0.05
GRID_13.05_77.5,13.04778539225,77.49977408316667,0.053171236,False,0.0,0.0,0.05
GRID_12.87_77.66,12.870396453777778,77.6564710586535,0.07012215,False,0.0,0.0,0.07
GRID_12.93_77.54,12.934846881034483,77.5365279362069,0.0758975,False,0.0,0.0,0.08
GRID_13.07_77.63,13.070272051149425,77.63099281954023,0.075465515,False,0.0,0.0,0.08
GRID_12.99_77.7,12.99441017505851,77.69976924320547,0.17968373,False,0.0,0.0,0.18
GRID_13.05_77.75,13.045926317261904,77.75030918750001,0.10190915,False,0.0,0.0,0.1
GRID_12.9_77.64,12.899680059840946,77.63855868132059,0.1743975,False,0.0,0.0,0.17
GRID_12.98_77.69,12.979632965093632,77.69449425280706,0.13748622,False,0.0,0.0,0.14
GRID_12.98_77.65,12.979847225146198,77.65022597543859,0.07815095,False,0.0,0.0,0.08
GRID_12.87_77.54,12.87142779736842,77.53865050438596,0.14026614,False,0.0,0.0,0.14
GRID_12.94_77.63,12.937992745867538,77.62728167837248,0.05119372,False,0.0,0.0,0.05
GRID_13.06_77.55,13.057321547567568,77.54695945351352,0.06969248,False,0.0,0.0,0.07
GRID_12.92_77.64,12.917752190789836,77.63916383991257,0.073711924,False,0.0,0.0,0.07
GRID_12.9_77.63,12.900755973679487,77.63124567494684,0.07176265,False,0.0,0.0,0.07
GRID_12.82_77.69,12.819648171111112,77.68820439444445,0.03731098,False,0.0,0.0,0.04
GRID_13.18_77.69,13.184081930927835,77.68790758041237,0.03673398,False,0.0,0.0,0.04
GRID_13.02_77.71,13.018578273076923,77.7087775923077,0.19028537,False,0.0,0.0,0.19
GRID_13.1_77.59,13.09954007615894,77.58855181324503,0.045889612,False,0.0,0.0,0.05
GRID_12.88_77.55,12.880947071029567,77.54711268099598,0.14906098,False,0.0,0.0,0.15
GRID_13.01_77.58,13.007092317592592,77.57994972361111,0.10259514,False,0.0,0.0,0.1
GRID_13.02_77.54,13.01898408016529,77.53921748347108,0.1003754,False,0.0,0.0,0.1
GRID_12.96_77.56,12.964306001298702,77.55543871363636,0.047314562,False,0.0,0.0,0.05
GRID_13.01_77.59,13.007395955932203,77.59271883305084,0.0916231,False,0.0,0.0,0.09
GRID_13.02_77.61,13.021238062857142,77.61288166285713,0.17553015,False,0.0,0.0,0.18
GRID_12.91_77.69,12.909700628235294,77.68756728588235,0.10525983,False,0.0,0.0,0.11
GRID_12.9_77.65,12.900243158186711,77.64901458048934,0.15385218,False,0.0,0.0,0.15
GRID_13.01_77.68,13.00520889633658,77.68482692610088,0.036782593,False,0.0,0.0,0.04
GRID_13.0_77.53,13.001913362987164,77.52635384639399,0.07113622,False,0.0,0.0,0.07
GRID_12.98_77.75,12.981498013761467,77.75162563486238,0.04897969,False,0.0,0.0,0.05
GRID_12.86_77.66,12.85644436229508,77.66363117540983,0.1117901,False,0.0,0.0,0.11
GRID_13.07_77.53,13.068515409523808,77.53032900238095,0.08852079,False,0.0,0.0,0.09
GRID_13.04_77.51,13.04041708034826,77.5138938756219,0.09330552,False,0.0,0.0,0.09
GRID_12.95_77.52,12.950401447580646,77.52206556209678,0.02565322,False,0.0,0.0,0.03
GRID_13.0_77.72,13.003173195918366,77.72269496734694,0.029735306,False,0.0,0.0,0.03
GRID_13.01_77.76,13.008644508849557,77.75834295398231,0.073174454,False,0.0,0.0,0.07
GRID_12.98_77.6,12.975668472185431,77.60155135761589,0.033317536,True,0.01,0.0,0.02
GRID_13.14_77.62,13.14355344074074,77.61783713055556,0.07314698,False,0.0,0.0,0.07
GRID_12.96_77.66,12.959214505632593,77.65791445940911,0.05440775,False,0.0,0.0,0.05
GRID_12.97_77.57,12.969471065263157,77.56849376842105,0.12589455,True,0.04,0.0,0.09
GRID_12.91_77.65,12.911931490825689,77.6506821880734,0.024073403,False,0.0,0.0,0.02
GRID_13.01_77.61,13.007798290909092,77.61301748636363,0.11759041,False,0.0,0.0,0.12
GRID_13.0_77.63,13.000737005710198,77.62897579377871,0.040498145,False,0.0,0.0,0.04
GRID_13.06_77.65,13.060710087333334,77.65106934933334,0.07935688,False,0.0,0.0,0.08
GRID_13.12_77.62,13.121431866666667,77.61987350208334,0.019063082,False,0.0,0.0,0.02
GRID_13.04_77.63,13.037026408015038,77.62563403320988,0.049988627,False,0.0,0.0,0.05
GRID_12.89_77.57,12.891719222222223,77.5690676030303,0.045258638,False,0.0,0.0,0.05
GRID_12.85_77.66,12.85253908235294,77.6603247,0.013619954,False,0.0,0.0,0.01
GRID_12.87_77.59,12.872460873251098,77.59402855699064,0.089486994,False,0.0,0.0,0.09
GRID_13.05_77.54,13.049494390625,77.5410648953125,0.09003212,False,0.0,0.0,0.09
GRID_12.97_77.6,12.973189979999999,77.601952114,0.017425038,False,0.0,0.01,0.03
GRID_12.89_77.6,12.893183061261261,77.59869527927927,0.044048324,False,0.0,0.0,0.04
GRID_12.98_77.72,12.979981587891965,77.72068423311185,0.1299119,False,0.0,0.0,0.13
GRID_12.98_77.73,12.980977414285714,77.72829827142857,0.11265216,False,0.0,0.0,0.11
GRID_12.91_77.48,12.912544038623901,77.48114923643759,0.052716263,False,0.0,0.0,0.05
GRID_12.9_77.7,12.903801095017636,77.70387653128162,0.018606197,False,0.0,0.0,0.02
GRID_13.08_77.56,13.079626118518517,77.5591943851852,0.123460196,False,0.0,0.0,0.12
GRID_12.9_77.72,12.896655932666667,77.720044262,0.035211314,False,0.0,0.0,0.04
GRID_12.9_77.59,12.900358155140188,77.5893464046729,0.058508683,False,0.0,0.0,0.06
GRID_13.0_77.49,12.999629016326532,77.48872178979592,0.08216046,False,0.0,0.0,0.08
GRID_12.88_77.67,12.87619305,77.671188978125,0.035037212,False,0.0,0.0,0.04
GRID_13.0_77.59,13.002020390410959,77.59332524931507,0.056687187,False,0.0,0.0,0.06
GRID_13.0_77.66,13.003420825373135,77.66231537313433,0.02265318,False,0.0,0.0,0.02
GRID_13.03_77.53,13.032325064257027,77.53337058072289,0.055200666,False,0.0,0.0,0.06
GRID_12.89_77.66,12.894190167948661,77.65717693096653,0.06330176,False,0.0,0.0,0.06
GRID_12.91_77.54,12.906078649073521,77.54214782560605,0.05056301,False,0.0,0.0,0.05
GRID_12.91_77.6,12.913470892207792,77.60414625974026,0.009379753,False,0.0,0.0,0.01
GRID_13.02_77.66,13.021367052351103,77.65715162208807,0.04594355,False,0.0,0.0,0.05
GRID_13.2_77.71,13.197340155172414,77.70729611724137,0.07993963,False,0.0,0.0,0.08
GRID_13.02_77.76,13.017543578378378,77.76195655675676,0.07490716,False,0.0,0.0,0.07
GRID_12.94_77.49,12.938884714666667,77.49299570533333,0.012056529,False,0.0,0.0,0.01
GRID_12.94_77.53,12.938722853333333,77.531984556,0.07755771,False,0.0,0.0,0.08
GRID_12.94_77.58,12.938952723333333,77.58487523666666,0.11608484,False,0.0,0.0,0.12
GRID_12.93_77.52,12.931481857963549,77.5158112656917,0.015450933,False,0.0,0.0,0.02
GRID_13.08_77.55,13.081772723452255,77.54838813573978,0.068633474,False,0.0,0.0,0.07
GRID_13.05_77.76,13.054034537878788,77.7624305060606,0.033582803,False,0.0,0.0,0.03
GRID_13.06_77.47,13.058073459210528,77.46919384736843,0.07378579,False,0.0,0.0,0.07
GRID_12.95_77.64,12.952770232,77.64053763800001,0.06833649,False,0.0,0.0,0.07
GRID_12.95_77.65,12.95255452777265,77.65252573619748,0.092346504,False,0.0,0.0,0.09
GRID_12.99_77.69,12.989920683976582,77.68945407124016,0.056464285,False,0.0,0.0,0.06
GRID_12.99_77.58,12.991047903225807,77.5759977935484,0.04591165,False,0.0,0.0,0.05
GRID_12.99_77.51,12.989304339560439,77.50771355824176,0.028431335,False,0.0,0.0,0.03
GRID_13.06_77.51,13.056640643055555,77.50733909166667,0.05143769,False,0.0,0.0,0.05
GRID_12.99_77.75,12.985792170526317,77.74597179999999,0.009899334,False,0.0,0.0,0.01
GRID_12.97_77.75,12.968337573910526,77.74968541019369,0.03999028,False,0.0,0.0,0.04
GRID_12.96_77.64,12.957854684285714,77.64360748714284,0.040694587,False,0.0,0.0,0.04
GRID_12.86_77.59,12.85751681506402,77.58907648095652,0.066851825,False,0.0,0.0,0.07
GRID_12.98_77.53,12.982531767311004,77.52925576414667,0.04979722,False,0.0,0.0,0.05
GRID_13.04_77.61,13.041515908108108,77.61341035405405,0.07274702,False,0.0,0.0,0.07
GRID_13.04_77.58,13.038717738888888,77.57775560185185,0.06082436,False,0.0,0.0,0.06
GRID_13.0_77.76,13.003076726527182,77.75711186573155,0.050285865,False,0.0,0.0,0.05
GRID_13.11_77.6,13.107983380952382,77.60266978333333,0.013792407,False,0.0,0.0,0.01
GRID_12.81_77.7,12.806186907142857,77.69885753571428,0.03871422,False,0.0,0.0,0.04
GRID_13.0_77.71,13.00442156304348,77.7109514173913,0.024120364,False,0.0,0.0,0.02
GRID_13.04_77.74,13.035901494117647,77.73579886862746,0.047280744,False,0.0,0.0,0.05
GRID_13.15_77.62,13.14958193125,77.6191705125,0.08240694,False,0.0,0.0,0.08
GRID_13.25_77.72,13.248486729411765,77.71559784117646,0.049586087,False,0.0,0.0,0.05
GRID_12.9_77.6,12.895282174074074,77.59923052839507,0.04845801,False,0.0,0.0,0.05
GRID_13.01_77.63,13.013028208450704,77.62644398591549,0.024774909,False,0.0,0.0,0.02
GRID_13.01_77.51,13.010730074000001,77.506390124,0.030410092,False,0.0,0.0,0.03
GRID_12.88_77.62,12.876063910869567,77.61686252826087,0.0065067885,False,0.0,0.0,0.01
GRID_12.97_77.54,12.96688442253521,77.54329603943663,0.0071508223,False,0.0,0.0,0.01
GRID_12.97_77.56,12.969078136880748,77.55921288890592,0.02375387,False,0.0,0.0,0.02
GRID_12.98_77.51,12.978851978378378,77.51103640810811,0.027875489,False,0.0,0.0,0.03
GRID_12.98_77.52,12.980039327117703,77.51933700320447,0.07441966,False,0.0,0.0,0.07
GRID_13.05_77.52,13.04668846497608,77.52143765378706,0.01603423,False,0.0,0.0,0.02
GRID_12.96_77.75,12.959525433333333,77.74684969500001,0.034784637,False,0.0,0.0,0.03
GRID_13.05_77.63,13.047977615957446,77.62877304574468,0.02676921,False,0.0,0.0,0.03
GRID_12.86_77.53,12.861918386153846,77.53000424307692,0.010011302,False,0.0,0.0,0.01
GRID_12.95_77.53,12.947976430303031,77.53362878939394,0.026020708,False,0.0,0.0,0.03
GRID_12.95_77.62,12.950391864705884,77.6203928372549,0.036314715,False,0.0,0.0,0.04
GRID_12.99_77.48,12.985924990721106,77.47878629070175,0.057051238,False,0.0,0.0,0.06
GRID_12.85_77.59,12.852023308333335,77.58834785833334,0.037452582,False,0.0,0.0,0.04
GRID_13.06_77.53,13.055597753658537,77.53457118780487,0.022794876,False,0.0,0.0,0.02
GRID_12.95_77.69,12.950920030555556,77.68925422222223,0.018509071,False,0.0,0.0,0.02
GRID_12.95_77.6,12.950705005882353,77.59802496764706,0.07100612,False,0.0,0.0,0.07
GRID_12.95_77.54,12.948924743243243,77.53627235135134,0.046378013,False,0.0,0.0,0.05
GRID_12.94_77.56,12.939965647566185,77.56059371230603,0.017592112,False,0.0,0.0,0.02
GRID_12.94_77.54,12.9359428,77.53664115813953,0.04507413,False,0.0,0.0,0.05
GRID_13.03_77.72,13.026486195454545,77.72048106136364,0.02625139,False,0.0,0.0,0.03
GRID_13.07_77.58,13.068148129545454,77.58147164772727,0.046761,False,0.0,0.0,0.05
GRID_12.88_77.54,12.876397178408666,77.54386937380542,0.030971546,False,0.0,0.0,0.03
GRID_12.92_77.69,12.923178763043477,77.69307462826087,0.016250536,False,0.0,0.0,0.02
GRID_12.92_77.61,12.922605736666666,77.60966229333333,0.031996045,False,0.0,0.0,0.03
GRID_12.92_77.63,12.92004566369854,77.6312558726217,0.026905332,False,0.0,0.0,0.03
GRID_12.9_77.66,12.900134571794872,77.65976601538462,0.04334796,False,0.0,0.0,0.04
GRID_13.08_77.64,13.083567150847458,77.63748976440678,0.018256163,False,0.0,0.0,0.02
GRID_13.01_77.49,13.014025631666668,77.49201588666666,0.010680372,False,0.0,0.0,0.01
GRID_12.93_77.59,12.930219643283582,77.59222739552239,0.04650884,False,0.0,0.0,0.05
GRID_13.02_77.62,13.019522700000001,77.618651275,0.05519298,False,0.0,0.0,0.06
GRID_13.02_77.65,13.020300823421186,77.65060499736974,0.06742965,False,0.0,0.0,0.07
GRID_13.2_77.7,13.197684744827585,77.7036875724138,0.06457489,False,0.0,0.0,0.06
GRID_12.92_77.5,12.918121676470589,77.49975779019607,0.0115494905,False,0.0,0.0,0.01
GRID_12.88_77.75,12.883512000851775,77.7522734243868,0.02741463,False,0.0,0.0,0.03
GRID_12.91_77.53,12.90775891669538,77.53299172373735,0.03701719,False,0.0,0.0,0.04
GRID_12.91_77.49,12.913707493475702,77.48642554406227,0.07181905,False,0.0,0.0,0.07
GRID_13.03_77.52,13.026897111111111,77.51933145294117,0.04011702,False,0.0,0.0,0.04
GRID_13.1_77.57,13.098220407017543,77.57027073859649,0.010951213,False,0.0,0.0,0.01
GRID_13.11_77.58,13.112243488888888,77.57976052222222,0.017839529,False,0.0,0.0,0.02
GRID_13.12_77.58,13.116791714285714,77.57797484642857,0.008075995,False,0.0,0.0,0.01
GRID_12.83_77.68,12.827809036666668,77.68211430666666,0.011182744,False,0.0,0.0,0.01
GRID_12.97_77.5,12.969020283333334,77.4992535125,0.008753207,False,0.0,0.0,0.01
GRID_12.98_77.54,12.980938809804538,77.536348825219,0.0064993184,False,0.0,0.0,0.01
GRID_13.18_77.64,13.175973731578948,77.63583603157895,0.0035581468,False,0.0,0.0,0.0
GRID_13.19_77.64,13.188208571428572,77.64311277142858,0.003947675,False,0.0,0.0,0.0
GRID_13.05_77.62,13.05278066,77.62071459,0.009635394,False,0.0,0.0,0.01
GRID_12.96_77.69,12.95581501585198,77.69259211574789,0.008030832,False,0.0,0.0,0.01
GRID_12.96_77.6,12.964484370000001,77.60435016,0.020977927,False,0.0,0.0,0.02
GRID_13.05_77.65,13.05201485625,77.6460451,0.008695158,False,0.0,0.0,0.01
GRID_12.96_77.74,12.95693324137931,77.74018281379311,0.028673338,False,0.0,0.0,0.03
GRID_12.98_77.57,12.983670052173913,77.56788374347826,0.021624511,True,0.01,0.0,0.01
GRID_12.87_77.57,12.872336268181819,77.56720350454545,0.013054205,False,0.0,0.0,0.01
GRID_12.87_77.53,12.866388935714285,77.53445340714286,0.025659166,False,0.0,0.0,0.03
GRID_13.04_77.55,13.043196590909092,77.55225407727272,0.009799533,False,0.0,0.0,0.01
GRID_13.04_77.54,13.037680607692307,77.53550968076924,0.009453265,False,0.0,0.0,0.01
GRID_12.88_77.61,12.8801837,77.61058101904761,0.003230161,False,0.0,0.0,0.0
GRID_13.04_77.56,13.039630500000001,77.55911337647059,0.006550681,False,0.0,0.0,0.01
GRID_13.16_77.6,13.160785872727272,77.59562729999999,0.029181655,False,0.0,0.0,0.03
GRID_13.16_77.63,13.161317013043478,77.62658301304349,0.023001287,False,0.0,0.0,0.02
GRID_12.89_77.61,12.89145265,77.6086065,0.023630008,False,0.0,0.0,0.02
GRID_12.89_77.63,12.892080142857143,77.63138413571428,0.0105648395,False,0.0,0.0,0.01
GRID_12.94_77.55,12.94005902,77.55048685714286,0.0075807944,False,0.0,0.0,0.01
GRID_13.07_77.57,13.067859961111111,77.57079690555555,0.005435669,False,0.0,0.0,0.01
GRID_13.07_77.45,13.067810025,77.44944453,0.012348887,False,0.0,0.0,0.01
GRID_13.06_77.76,13.055179623999999,77.764519272,0.008506632,False,0.0,0.0,0.01
GRID_12.98_77.68,12.983322804,77.67988701600001,0.014813521,False,0.0,0.0,0.01
GRID_12.99_77.53,12.9858642705736,77.52702822414396,0.0068942704,False,0.0,0.0,0.01
GRID_12.84_77.66,12.840699553333334,77.66263480666666,0.0047130547,False,0.0,0.0,0.0
GRID_13.03_77.73,13.03442435862069,77.73378337931034,0.012230885,False,0.0,0.0,0.01
GRID_13.06_77.57,13.063651941666668,77.57210118333333,0.040336374,False,0.0,0.0,0.04
GRID_12.94_77.61,12.940250714285714,77.61134672142857,0.02638942,False,0.0,0.0,0.03
GRID_12.94_77.71,12.936081300000001,77.70579434999999,0.013443015,False,0.0,0.0,0.01
GRID_12.98_77.77,12.9834622125,77.768348675,0.005821694,False,0.0,0.0,0.01
GRID_12.99_77.47,12.988482504761905,77.47298836190477,0.0054154093,False,0.0,0.0,0.01
GRID_12.95_77.56,12.947954115789473,77.56057449473684,0.008238713,False,0.0,0.0,0.01
GRID_12.95_77.5,12.948410844710398,77.49775182757743,0.015969282,False,0.0,0.0,0.02
GRID_12.95_77.49,12.947569285714286,77.48842769285714,0.0053299745,False,0.0,0.0,0.01
GRID_12.99_77.49,12.986475319354838,77.48864053548387,0.00880654,False,0.0,0.0,0.01
GRID_13.06_77.46,13.060770322857143,77.46126350571429,0.02516541,False,0.0,0.0,0.03
GRID_12.96_77.5,12.961529289999998,77.503215895,0.003746745,False,0.0,0.0,0.0
GRID_12.95_77.74,12.953994269230769,77.74444046153846,0.006085623,False,0.0,0.0,0.01
GRID_13.01_77.5,13.012190075,77.50482872500001,0.017421806,False,0.0,0.0,0.02
GRID_12.93_77.57,12.929342117647058,77.56758508235295,0.00781009,False,0.0,0.0,0.01
GRID_13.08_77.63,13.081912705555556,77.63434393888889,0.006984844,False,0.0,0.0,0.01
GRID_13.03_77.66,13.02816183685021,77.66302306450518,0.012197268,False,0.0,0.0,0.01
GRID_13.09_77.58,13.094232646153845,77.5812000076923,0.045116656,False,0.0,0.0,0.05
GRID_13.09_77.6,13.093661038461537,77.5976898076923,0.03871974,False,0.0,0.0,0.04
GRID_12.99_77.76,12.993733561904762,77.75734433809524,0.033803392,False,0.0,0.0,0.03
GRID_13.09_77.49,13.085736966666667,77.48699253809524,0.009658638,False,0.0,0.0,0.01
GRID_12.9_77.51,12.904153025,77.51204185,0.04406971,False,0.0,0.0,0.04
GRID_13.03_77.64,13.030843645454546,77.63760115000001,0.021566607,False,0.0,0.0,0.02
GRID_13.03_77.61,13.027443466666668,77.61051436666666,0.03455035,False,0.0,0.0,0.03
GRID_12.9_77.57,12.897539490123751,77.5711119340369,0.022467038,False,0.0,0.0,0.02
GRID_13.09_77.64,13.087477931578947,77.63524517894737,0.015721835,False,0.0,0.0,0.02
GRID_12.92_77.57,12.917744450072549,77.57044981876665,0.020539772,False,0.0,0.0,0.02
GRID_12.92_77.59,12.921751193333334,77.58583610000001,0.002516932,False,0.0,0.0,0.0
GRID_12.92_77.62,12.916724504,77.623502632,0.024441676,False,0.0,0.0,0.02
GRID_12.92_77.68,12.923370205882353,77.67607191764706,0.0068722796,False,0.0,0.0,0.01
GRID_12.92_77.66,12.92166226140624,77.66189590433258,0.0065421714,False,0.0,0.0,0.01
GRID_12.91_77.67,12.913819388,77.66657518400001,0.0030690099,False,0.0,0.0,0.0
GRID_12.92_77.7,12.916825486956522,77.69813424782609,0.017667796,False,0.0,0.0,0.02
GRID_13.01_77.48,13.008380247368422,77.48426412105263,0.007831402,False,0.0,0.0,0.01
GRID_12.9_77.71,12.901306787096773,77.70898097419355,0.003963661,False,0.0,0.0,0.0
GRID_12.9_77.61,12.898062058823529,77.60645880588235,0.011395911,False,0.0,0.0,0.01
GRID_12.9_77.62,12.901462135161262,77.62296443839071,0.00546058,False,0.0,0.0,0.01
GRID_13.08_77.5,13.080265966666667,77.50247728333333,0.01715767,False,0.0,0.0,0.02
GRID_13.01_77.6,13.010869284210527,77.59516337894738,0.007831402,False,0.0,0.0,0.01
GRID_13.03_77.55,13.028812605263157,77.54985778421053,0.0062020184,False,0.0,0.0,0.01
GRID_13.01_77.66,13.009927829212549,77.65953765664041,0.008606142,False,0.0,0.0,0.01
GRID_12.91_77.51,12.910702030769231,77.51349003076923,0.004529588,False,0.0,0.0,0.0
GRID_13.0_77.54,13.00049922424088,77.53638290196052,0.024503997,False,0.0,0.0,0.02
GRID_13.0_77.52,12.998770103333333,77.52398221333333,0.016227763,False,0.0,0.0,0.02
GRID_12.92_77.54,12.919249804255818,77.54210911181084,0.006800612,False,0.0,0.0,0.01
GRID_13.01_77.64,13.00944950952381,77.63830821904762,0.039714508,False,0.0,0.0,0.04
GRID_13.01_77.65,13.012424333333334,77.64761071111111,0.020725312,False,0.0,0.0,0.02
GRID_13.03_77.51,13.02768305625,77.51170503541667,0.032861967,False,0.0,0.0,0.03
GRID_12.89_77.74,12.887301800470926,77.7384566051744,0.02437093,False,0.0,0.0,0.02
GRID_13.02_77.7,13.019017966666667,77.70327020606061,0.010338309,False,0.0,0.0,0.01
GRID_13.02_77.68,13.021293980600309,77.678451684,0.015958449,False,0.0,0.0,0.02
GRID_12.89_77.67,12.889964105857048,77.66990483920546,0.023770187,False,0.0,0.0,0.02
GRID_13.02_77.6,13.02159761923077,77.59920213461538,0.008844832,False,0.0,0.0,0.01
GRID_13.19_77.7,13.194268742857144,77.69883155000001,0.026239632,False,0.0,0.0,0.03
GRID_13.2_77.68,13.19948992,77.67934608,0.018784834,False,0.0,0.0,0.02
GRID_13.19_77.69,13.194750225,77.69061565,0.017421806,False,0.0,0.0,0.02
GRID_13.24_77.71,13.244505620408162,77.71327729387755,0.023696914,False,0.0,0.0,0.02
GRID_13.1_77.61,13.104051049999999,77.61421225000001,0.0007537224,False,0.0,0.0,0.0
GRID_13.1_77.63,13.101616633333334,77.6316221,0.0013966145,False,0.0,0.0,0.0
GRID_13.23_77.69,13.2302231,77.6933171,1.7576313e-05,False,0.0,0.0,0.0
GRID_13.24_77.7,13.2421686,77.70413555,0.0014207213,False,0.0,0.0,0.0
GRID_12.88_77.56,12.878729700000001,77.55528235,7.707462e-05,False,0.0,0.0,0.0
GRID_12.88_77.59,12.875444575,77.5948095,0.0019317368,False,0.0,0.0,0.0
GRID_12.88_77.63,12.88032708066526,77.62925135537462,0.0017260637,False,0.0,0.0,0.0
GRID_13.13_77.57,13.1302696,77.5717626,7.552896e-05,False,0.0,0.0,0.0
GRID_13.16_77.64,13.1628009,77.6448425,0.008542651,False,0.0,0.0,0.01
GRID_13.17_77.73,13.174255,77.7282783,0.00041721555,False,0.0,0.0,0.0
GRID_13.18_77.7,13.1820686,77.6958299,0.0019764313,False,0.0,0.0,0.0
GRID_13.24_77.72,13.244062833333333,77.7157889,0.00056387734,False,0.0,0.0,0.0
GRID_13.25_77.71,13.245638916666667,77.71234053611111,0.0025751493,False,0.0,0.0,0.0
GRID_13.01_77.75,13.0060866625,77.7514058375,5.5122396e-06,False,0.0,0.0,0.0
GRID_13.02_77.48,13.0154999,77.4846445,0.0014207213,False,0.0,0.0,0.0
GRID_13.02_77.49,13.0152174,77.4870229,0.0010425824,False,0.0,0.0,0.0
GRID_13.02_77.51,13.0230362,77.51124490000001,0.0007537224,False,0.0,0.0,0.0
GRID_13.02_77.52,13.0233811,77.520801725,0.005476165,False,0.0,0.0,0.01
GRID_13.02_77.63,13.023204190909091,77.62982338181818,0.0061527123,False,0.0,0.0,0.01
GRID_13.02_77.67,13.019994144444444,77.67446498888889,0.00243346,False,0.0,0.0,0.0
GRID_13.02_77.69,13.023319749999999,77.691100175,0.0027070877,False,0.0,0.0,0.0
GRID_13.02_77.72,13.023857670000002,77.71662518,0.0036059956,False,0.0,0.0,0.0
GRID_13.03_77.5,13.0312747,77.50323167,0.0037758197,False,0.0,0.0,0.0
GRID_13.01_77.62,13.00688680462963,77.62131327037038,0.0046804175,False,0.0,0.0,0.0
GRID_13.01_77.67,13.011927466666668,77.66839083333333,0.0010425824,False,0.0,0.0,0.0
GRID_13.01_77.71,13.007659799999999,77.7111318,0.00352049,False,0.0,0.0,0.0
GRID_12.9_77.67,12.899723,77.6748722,0.0010425824,False,0.0,0.0,0.0
GRID_12.9_77.69,12.901421857142859,77.68854287142857,0.003415298,False,0.0,0.0,0.0
GRID_12.9_77.45,12.898018099999998,77.4529559,8.3933985e-05,False,0.0,0.0,0.0
GRID_12.9_77.47,12.9013385,77.46745385,5.6127927e-05,False,0.0,0.0,0.0
GRID_12.9_77.52,12.9026833,77.5190814,0.00041721555,False,0.0,0.0,0.0
GRID_12.9_77.53,12.9042772,77.53124349999999,0.0010465422,False,0.0,0.0,0.0
GRID_12.9_77.54,12.9017575,77.54437315,7.552896e-05,False,0.0,0.0,0.0
GRID_12.9_77.56,12.89948,77.5587867,0.00041721555,False,0.0,0.0,0.0
GRID_13.03_77.74,13.0349199,77.7360125,0.0005019253,False,0.0,0.0,0.0
GRID_13.03_77.75,13.0282733,77.7507203,0.00041721555,False,0.0,0.0,0.0
GRID_13.04_77.5,13.037112585714286,77.5043846,0.0045532743,False,0.0,0.0,0.0
GRID_12.84_77.67,12.842729,77.67452865,0.0013841854,False,0.0,0.0,0.0
GRID_12.99_77.54,12.988750175,77.54290985,0.004208754,False,0.0,0.0,0.0
GRID_12.99_77.55,12.9897697,77.5456881,6.4525784e-06,False,0.0,0.0,0.0
GRID_12.99_77.56,12.994081200000002,77.5635387,6.689239e-06,False,0.0,0.0,0.0
GRID_12.99_77.63,12.99430303573944,77.62801216353793,0.016384551,False,0.0,0.0,0.02
GRID_12.99_77.64,12.985673180000001,77.64437422,0.0014534283,False,0.0,0.0,0.0
GRID_12.99_77.67,12.992104799999998,77.66746061428572,0.0025806439,False,0.0,0.0,0.0
GRID_12.99_77.68,12.989615559999999,77.68070388,0.0014534283,False,0.0,0.0,0.0
GRID_12.98_77.66,12.981077484020997,77.65699270314805,0.0017797292,False,0.0,0.0,0.0
GRID_12.99_77.45,12.98863972,77.44879888,5.898798e-06,False,0.0,0.0,0.0
GRID_12.84_77.69,12.843188416666665,77.68740343333333,0.0032918747,False,0.0,0.0,0.0
GRID_12.85_77.65,12.846312950000002,77.64753010000001,0.0015205065,False,0.0,0.0,0.0
GRID_12.85_77.67,12.848432287790077,77.66879392752587,0.0029889394,False,0.0,0.0,0.0
GRID_12.85_77.68,12.8457393,77.6809993,0.00041721555,False,0.0,0.0,0.0
GRID_12.86_77.61,12.8614371,77.6134364,0.00041721555,False,0.0,0.0,0.0
GRID_12.86_77.65,12.85995896,77.64767945999999,0.00023302282,False,0.0,0.0,0.0
GRID_12.86_77.67,12.857247927272727,77.66869594545454,0.004206298,False,0.0,0.0,0.0
GRID_12.86_77.7,12.8592515,77.7030056,0.00041721555,False,0.0,0.0,0.0
GRID_13.04_77.53,13.0420851875,77.527544825,0.0059394417,False,0.0,0.0,0.01
GRID_12.97_77.73,12.97072825,77.73023201666666,0.00025815176,False,0.0,0.0,0.0
GRID_12.97_77.74,12.968914588888888,77.73697437777778,0.0019799122,False,0.0,0.0,0.0
GRID_12.97_77.76,12.968793564429724,77.75544575173693,0.00041721555,False,0.0,0.0,0.0
GRID_12.98_77.48,12.9848872,77.4828535,0.00021407024,False,0.0,0.0,0.0
GRID_12.98_77.49,12.976509299999998,77.48819453333333,0.003134333,False,0.0,0.0,0.0
GRID_12.96_77.76,12.964772400000001,77.7616485,0.0005710315,False,0.0,0.0,0.0
GRID_12.97_77.49,12.9699933,77.4918833,0.00041721555,False,0.0,0.0,0.0
GRID_12.97_77.53,12.97194145,77.52737815,0.00031725937,False,0.0,0.0,0.0
GRID_12.97_77.67,12.9738068,77.67350815,0.001998605,False,0.0,0.0,0.0
GRID_12.97_77.68,12.973391633333334,77.6772479,0.0023577716,False,0.0,0.0,0.0
GRID_13.04_77.6,13.0425875,77.60138437142858,0.0020158868,False,0.0,0.0,0.0
GRID_13.04_77.64,13.040014249999999,77.64126715,0.0007537224,False,0.0,0.0,0.0
GRID_13.04_77.67,13.0374375,77.6706057,6.4525784e-06,False,0.0,0.0,0.0
GRID_13.04_77.73,13.035022666666668,77.73448923333333,0.0024522955,False,0.0,0.0,0.0
GRID_13.04_77.75,13.0443396,77.7486582,0.0007537224,False,0.0,0.0,0.0
GRID_13.04_77.76,13.044354,77.7605374,0.00041721555,False,0.0,0.0,0.0
GRID_13.05_77.48,13.054328670588236,77.48208012352941,0.00034330902,False,0.0,0.0,0.0
GRID_12.96_77.61,12.961847133333334,77.60902556666666,0.0034585746,False,0.0,0.0,0.0
GRID_12.96_77.62,12.958678079999999,77.61822379,0.0020321172,False,0.0,0.0,0.0
GRID_12.96_77.68,12.960187445454546,77.68027167272727,0.0033949774,False,0.0,0.0,0.0
GRID_12.86_77.71,12.8622241,77.70555279999999,0.0007537224,False,0.0,0.0,0.0
GRID_12.87_77.58,12.870235625,77.5810198,0.0019317368,False,0.0,0.0,0.0
GRID_12.87_77.6,12.873001949999999,77.59874955000001,0.0015205065,False,0.0,0.0,0.0
GRID_12.87_77.62,12.8744178,77.618489,6.4525784e-06,False,0.0,0.0,0.0
GRID_12.87_77.64,12.873966683333334,77.64270334999999,0.0028434906,False,0.0,0.0,0.0
GRID_12.87_77.67,12.87487605,77.669410375,0.0043419627,False,0.0,0.0,0.0
GRID_12.88_77.45,12.87840735,77.4453044,0.001843605,False,0.0,0.0,0.0
GRID_12.88_77.5,12.8838377,77.5019219,1.3069332e-05,False,0.0,0.0,0.0
GRID_12.88_77.52,12.8778133,77.517105,0.00041721555,False,0.0,0.0,0.0
GRID_12.88_77.53,12.876135699999999,77.53007835,0.0014207213,False,0.0,0.0,0.0
GRID_13.05_77.56,13.045777,77.55651132857143,0.005115741,False,0.0,0.0,0.01
GRID_13.05_77.6,13.04574826,77.60116106000001,0.0014630407,False,0.0,0.0,0.0
GRID_13.05_77.64,13.0473513,77.6444216,0.00041721555,False,0.0,0.0,0.0
GRID_12.95_77.61,12.952781669999998,77.61133577000001,0.0036059956,False,0.0,0.0,0.0
GRID_12.95_77.63,12.948009944444443,77.6279286,0.0018276876,False,0.0,0.0,0.0
GRID_12.95_77.68,12.954818066666666,77.68020084999999,0.0038719592,False,0.0,0.0,0.0
GRID_12.95_77.75,12.94754218,77.74615944,0.0017860824,False,0.0,0.0,0.0
GRID_13.06_77.48,13.056366581818184,77.47735614545455,0.00057230395,False,0.0,0.0,0.0
GRID_13.06_77.5,13.062086740000002,77.50376156,0.00061489607,False,0.0,0.0,0.0
GRID_13.06_77.52,13.0591057,77.5198668,0.0007537224,False,0.0,0.0,0.0
GRID_13.06_77.54,13.0557217,77.5353233,6.4525784e-06,False,0.0,0.0,0.0
GRID_13.06_77.56,13.058718509090909,77.55913896363637,0.00023755172,False,0.0,0.0,0.0
GRID_13.06_77.6,13.0590383,77.5990417,0.0014207213,False,0.0,0.0,0.0
GRID_13.06_77.63,13.057472833333334,77.62992773333333,0.0025449174,False,0.0,0.0,0.0
GRID_12.94_77.64,12.9437353,77.63865095,0.00013686078,False,0.0,0.0,0.0
GRID_12.94_77.68,12.943479983333333,77.68154981666666,0.00094142416,False,0.0,0.0,0.0
GRID_12.94_77.72,12.93870605,77.7181955375,0.0036706217,False,0.0,0.0,0.0
GRID_12.95_77.48,12.951536125,77.47970255,0.002619435,False,0.0,0.0,0.0
GRID_12.95_77.51,12.948161424815897,77.50593487554218,0.002722661,False,0.0,0.0,0.0
GRID_12.95_77.55,12.9480293,77.55283185714286,0.006378198,False,0.0,0.0,0.01
GRID_12.93_77.64,12.925542566666666,77.63728333333334,0.0023577716,False,0.0,0.0,0.0
GRID_12.93_77.67,12.926395236000001,77.670175332,0.003376513,False,0.0,0.0,0.0
GRID_12.93_77.74,12.9277675,77.73896345,6.9730627e-06,False,0.0,0.0,0.0
GRID_12.94_77.5,12.942814725,77.49538915,0.00031725937,False,0.0,0.0,0.0
GRID_12.94_77.51,12.935860118181818,77.51281114545453,0.0036178296,False,0.0,0.0,0.0
GRID_12.94_77.6,12.9395051,77.5973986,6.689239e-06,False,0.0,0.0,0.0
GRID_13.06_77.74,13.060971416666668,77.74165616666666,0.0008997995,False,0.0,0.0,0.0
GRID_13.06_77.77,13.056634575,77.767512025,0.0019317368,False,0.0,0.0,0.0
GRID_13.07_77.44,13.07092332,77.44358251999999,0.0014630407,False,0.0,0.0,0.0
GRID_13.07_77.5,13.070675085714285,77.50353015714286,0.0039606495,False,0.0,0.0,0.0
GRID_13.07_77.55,13.0664254,77.5524418,0.00041721555,False,0.0,0.0,0.0
GRID_13.07_77.56,13.070158263636364,77.55720614545454,0.0038009651,False,0.0,0.0,0.0
GRID_13.07_77.6,13.072275786666667,77.60339406,0.00011082193,False,0.0,0.0,0.0
GRID_13.07_77.61,13.071754700000001,77.60667333636364,0.0022203547,False,0.0,0.0,0.0
GRID_13.07_77.62,13.070089285714287,77.62237517142857,0.004763636,False,0.0,0.0,0.0
GRID_12.92_77.74,12.920789169230769,77.73642416153847,0.004434664,False,0.0,0.0,0.0
GRID_12.93_77.48,12.9258225,77.4767094,0.00041721555,False,0.0,0.0,0.0
GRID_12.93_77.49,12.932971355555557,77.48825807777777,0.0024402016,False,0.0,0.0,0.0
GRID_12.93_77.5,12.92561035,77.4992290142857,0.0020238976,False,0.0,0.0,0.0
GRID_12.93_77.51,12.932196991771278,77.51270247897801,0.004248739,False,0.0,0.0,0.0
GRID_12.93_77.53,12.9295086,77.5349594,0.00041721555,False,0.0,0.0,0.0
GRID_12.93_77.55,12.930435979999999,77.55363088,0.004488695,False,0.0,0.0,0.0
GRID_12.93_77.56,12.931137383333335,77.55956809999999,0.0043875193,False,0.0,0.0,0.0
GRID_12.93_77.6,12.930940633333334,77.60447223333334,7.290149e-05,False,0.0,0.0,0.0
GRID_13.07_77.64,13.069418883333334,77.63826348333333,0.0022713814,False,0.0,0.0,0.0
GRID_13.07_77.65,13.072901866666667,77.65159543333333,0.0011346568,False,0.0,0.0,0.0
GRID_13.08_77.58,13.0829831,77.58193426666668,0.0018276876,False,0.0,0.0,0.0
GRID_13.08_77.59,13.07789302,77.5926955,0.0014630407,False,0.0,0.0,0.0
GRID_13.09_77.56,13.088033,77.55594049999999,0.0020112062,False,0.0,0.0,0.0
GRID_13.09_77.63,13.0850077,77.6348042,0.00041721555,False,0.0,0.0,0.0
GRID_12.92_77.55,12.9202312,77.5471374,6.4525784e-06,False,0.0,0.0,0.0
GRID_12.92_77.56,12.918403515384616,77.56433958461538,4.433826e-05,False,0.0,0.0,0.0
GRID_12.92_77.58,12.9216785,77.5847599,0.00041721555,False,0.0,0.0,0.0
GRID_12.92_77.6,12.92041855,77.60093495,0.0007537224,False,0.0,0.0,0.0
GRID_12.91_77.62,12.913419659999999,77.6244946,5.898798e-06,False,0.0,0.0,0.0
GRID_12.91_77.66,12.9099629,77.6641712,0.0005019253,False,0.0,0.0,0.0
GRID_12.92_77.47,12.9234668,77.4728372,6.4525784e-06,False,0.0,0.0,0.0
GRID_12.92_77.48,12.917588814285713,77.48252651428571,0.0045898464,False,0.0,0.0,0.0
GRID_12.92_77.49,12.922902336363636,77.48772934545455,0.0017552896,False,0.0,0.0,0.0
GRID_12.92_77.51,12.919291077777778,77.51406551111111,8.729435e-05,False,0.0,0.0,0.0
GRID_12.92_77.52,12.918550291666667,77.519967225,0.005636658,False,0.0,0.0,0.01
GRID_12.92_77.53,12.9247254,77.5309136,0.00041721555,False,0.0,0.0,0.0
GRID_13.0_77.48,13.0008363,77.4819575,0.008542651,False,0.0,0.0,0.01
GRID_13.0_77.64,13.003018333333332,77.63520615,0.0010058223,False,0.0,0.0,0.0
GRID_13.0_77.65,12.995055683333334,77.653564375,0.002166799,False,0.0,0.0,0.0
GRID_12.89_77.65,12.88761143641505,77.64947458135379,0.00085913367,False,0.0,0.0,0.0
GRID_12.89_77.68,12.894967466666666,77.6757968,0.0010425824,False,0.0,0.0,0.0
GRID_12.89_77.75,12.8852117,77.746775,6.4525784e-06,False,0.0,0.0,0.0
GRID_12.8_77.7,12.8026667,77.7043117,0.001032936,False,0.0,0.0,0.0
GRID_12.91_77.56,12.910777115882354,77.55888981470588,0.0038120118,False,0.0,0.0,0.0
GRID_12.91_77.59,12.909033619999999,77.59034285999999,0.0014630407,False,0.0,0.0,0.0
GRID_12.88_77.66,12.8807353,77.6551317,0.0005019253,False,0.0,0.0,0.0
GRID_12.88_77.74,12.877168194473605,77.73582745,0.008542651,False,0.0,0.0,0.01
GRID_12.89_77.54,12.8898434,77.53788069999999,0.0007537224,False,0.0,0.0,0.0
GRID_12.89_77.55,12.894738523406811,77.55495969,0.0039929715,False,0.0,0.0,0.0
GRID_12.89_77.58,12.891418849999999,77.58104022,0.0039026698,False,0.0,0.0,0.0
GRID_12.89_77.59,12.890572875,77.59193775,0.0021219035,False,0.0,0.0,0.0
GRID_12.89_77.62,12.893235475000001,77.6197761,0.0019317368,False,0.0,0.0,0.0
GRID_13.11_77.61,13.1135136,77.60627086,0.0033242807,False,0.0,0.0,0.0
GRID_13.11_77.63,13.1144957,77.6341878,0.00021407024,False,0.0,0.0,0.0
GRID_12.81_77.69,12.811375666666668,77.69438576666666,0.0013552642,False,0.0,0.0,0.0
GRID_12.82_77.68,12.824635366666667,77.68403943333334,0.0014162153,False,0.0,0.0,0.0
GRID_12.84_77.59,12.844480449999999,77.58816885,6.9730627e-06,False,0.0,0.0,0.0
GRID_13.26_77.71,13.257282400000001,77.71231025,0.0014467378,False,0.0,0.0,0.0
GRID_13.26_77.72,13.2593659,77.71777902,5.898798e-06,False,0.0,0.0,0.0
GRID_13.27_77.72,13.266818,77.7192361,6.4525784e-06,False,0.0,0.0,0.0
GRID_13.29_77.53,13.293684372967755,77.53250753446538,0.00041721555,False,0.0,0.0,0.0
GRID_13.2_77.66,13.201357083333333,77.6620922,0.0016671133,False,0.0,0.0,0.0
GRID_13.2_77.67,13.19835,77.6705883,0.0005019253,False,0.0,0.0,0.0
GRID_13.1_77.56,13.097715485714286,77.56373505714285,0.0018674763,False,0.0,0.0,0.0
GRID_13.2_77.69,13.19841726,77.68934537999999,0.012749737,False,0.0,0.0,0.01
GRID_13.19_77.71,13.1946852,77.7078466,0.0005019253,False,0.0,0.0,0.0
GRID_13.19_77.67,13.1897037,77.6741922,0.008542651,False,0.0,0.0,0.01
