zone,zone_kind,bin_start,zone_lat,zone_lon,predicted_violations,risk,priority_score,congestion_index,est_capacity_reduction_pct,pcu_load,forecast_window_start
BTP082 - KR Market Junction,junction,2024-04-09,12.964437358705567,77.57722593887625,20.903877,High,93.6,61.4,36.9,23.82,2024-04-09
BTP058 - Subbanna Junction,junction,2024-04-09,12.978989333010263,77.57865990497868,16.29061,High,68.0,60.7,36.4,23.32,2024-04-09
BTP040 - Elite Junction,junction,2024-04-09,12.976622070795319,77.57660554051733,8.330733,Medium,57.7,29.8,17.9,8.83,2024-04-09
BTP044 - Sagar Theatre Junction,junction,2024-04-09,12.974967581711818,77.578895476761,6.3690977,Medium,51.6,26.7,16.0,7.76,2024-04-09
BTP051 - Safina Plaza Junction,junction,2024-04-09,12.981216675419292,77.60866933585206,1.4326994,Low,44.1,6.7,4.0,1.75,2024-04-09
BTP057 - Anand Rao Junction,junction,2024-04-09,12.979392785939394,77.57440407684848,7.5162473,Medium,39.9,36.6,22.0,11.39,2024-04-09
BTP045 - Danvanthri Road Junction,junction,2024-04-09,12.977073068989547,77.57476422605498,5.107541,Medium,31.6,24.6,14.8,7.05,2024-04-09
GRID_12.93_77.69,grid,2024-04-09,12.93286626741966,77.69019528705788,3.777299,Low,30.4,13.3,8.0,3.57,2024-04-09
GRID_13.01_77.7,grid,2024-04-09,13.00853972996253,77.69597298270608,8.186332,Medium,29.2,35.9,21.5,11.12,2024-04-09
"BTP083 - AS Char Street, Mysore Road",junction,2024-04-09,12.966447272054511,77.57438870947549,3.9837272,Low,27.5,27.9,16.8,8.19,2024-04-09
BTP211 - Central Street Junction,junction,2024-04-09,12.98332668621232,77.60345690325934,2.3256195,Low,27.2,13.0,7.8,3.48,2024-04-09
BTP032 - Windsor Circle,junction,2024-04-09,12.993096625500073,77.58822236588165,2.1633701,Low,23.1,7.1,4.2,1.83,2024-04-09
"BTP001 - 10th Cross, Dr. Rajkumar Road",junction,2024-04-09,13.007777754280745,77.55463778222777,2.059303,Low,21.9,9.4,5.7,2.48,2024-04-09
BTP027 - Modi Bridge Junction,junction,2024-04-09,12.99886389153938,77.54944489164671,0.8240924,Low,21.2,3.0,1.8,0.75,2024-04-09
BTP020 - Hosahalli Metro Station,junction,2024-04-09,12.974213729787916,77.54529567544986,0.79624695,Low,21.1,2.4,1.4,0.61,2024-04-09
"BTP080 - NR Road, SP Road Junction",junction,2024-04-09,12.964389685110014,77.58320405554326,1.1859022,Low,20.9,5.4,3.2,1.39,2024-04-09
BTP048 - Shanthala Junction,junction,2024-04-09,12.976916589944134,77.57074814102155,2.2633777,Low,20.0,16.5,9.9,4.5,2024-04-09
GRID_13.01_77.69,grid,2024-04-09,13.007213550671638,77.69048830261998,4.620268,Low,18.5,19.5,11.7,5.42,2024-04-09
BTP023 - Mahalaxmi Layout Entrance,junction,2024-04-09,13.008962948062864,77.54919073276713,1.4858803,Low,17.9,6.9,4.1,1.78,2024-04-09
BTP043 - Upparpet Junction,junction,2024-04-09,12.971141156464634,77.57557509754892,1.3297691,Low,17.7,6.9,4.2,1.8,2024-04-09
GRID_13.18_77.68,grid,2024-04-09,13.184044065363398,77.67998424357705,4.057278,Low,17.5,21.5,12.9,6.07,2024-04-09
"BTP011 - RR Kalyana Mantapa, Dr. Rajkumar Road",junction,2024-04-09,12.993699795955797,77.55377486975144,1.6799195,Low,17.2,9.8,5.9,2.57,2024-04-09
BTP038 - Mysore Bank Junction,junction,2024-04-09,12.97345650595092,77.5812734098773,0.8160579,Low,16.9,4.2,2.5,1.06,2024-04-09
"BTP016 - 5th Main Road, RPC Layout",junction,2024-04-09,12.965271313031003,77.53778991937591,0.4559759,Low,16.8,1.7,1.0,0.44,2024-04-09
BTP104 - Medical College Circle,junction,2024-04-09,12.959592314468084,77.57662682195745,1.3265878,Low,16.6,9.0,5.4,2.35,2024-04-09
BTP042 - Minsk Square Junction (CTO),junction,2024-04-09,12.981158241534988,77.59844703972911,0.42885768,Low,16.1,1.3,0.8,0.33,2024-04-09
BTP108 - Tagore Park Junction,junction,2024-04-09,12.943919908505448,77.57145599325675,0.7616693,Low,15.9,3.0,1.8,0.76,2024-04-09
GRID_13.01_77.55,grid,2024-04-09,13.01175099404301,77.55371014683871,1.6969644,Low,15.4,6.6,4.0,1.72,2024-04-09
"BTP070 - Cholurpalya Junction, Magadi Road",junction,2024-04-09,12.97348335557552,77.55079738411703,0.38264138,Low,15.1,1.3,0.8,0.33,2024-04-09
BTP096 - Gali Anjaneya Temple,junction,2024-04-09,12.952584804157238,77.54121168047804,0.95728296,Low,14.7,5.6,3.4,1.44,2024-04-09
BTP061 - Bhashyam Circle,junction,2024-04-09,12.985179307748298,77.55395829537082,0.5973521,Low,13.9,2.5,1.5,0.64,2024-04-09
"BTP182 - 19th Main Junction, Rajajinagar",junction,2024-04-09,12.998964814459148,77.55086697652493,0.31258422,Low,13.8,1.4,0.8,0.34,2024-04-09
"BTP204 - ESI Hospital, Rajajinagar",junction,2024-04-09,12.990391505138339,77.55374700711464,0.929262,Low,13.8,4.9,2.9,1.25,2024-04-09
BTP063 - Siddalingaiah Circle,junction,2024-04-09,12.971520568655096,77.59672272939262,0.4842685,Low,13.8,2.6,1.6,0.67,2024-04-09
"BTP022 - Marenahalli Junction, Vijayanagar",junction,2024-04-09,12.96876777975821,77.53672266454917,0.38502812,Low,13.8,1.4,0.8,0.35,2024-04-09
BTP137 - Madiwala Traffic PS Junction,junction,2024-04-09,12.923003773243375,77.62004738469177,0.83083797,Low,13.5,5.9,3.5,1.52,2024-04-09
"BTP170 - Dr. Bheem Rao Palace, Chord Road",junction,2024-04-09,12.990421004162116,77.5512981467759,0.7792462,Low,13.5,5.3,3.2,1.36,2024-04-09
BTP135 - UCO Bank Junction,junction,2024-04-09,12.935614800409418,77.61498017666327,0.3949196,Low,13.5,1.7,1.0,0.44,2024-04-09
BTP118 - Basappa Circle,junction,2024-04-09,12.958122083148147,77.57755178,0.6542378,Low,13.3,3.5,2.1,0.88,2024-04-09
"BTP026 - 1st Block Junction, Rajajinagar",junction,2024-04-09,13.002449113326447,77.55009747871901,0.25960973,Low,13.3,1.2,0.7,0.31,2024-04-09
GRID_12.98_77.61,grid,2024-04-09,12.982315039961069,77.61142804699666,1.7264429,Low,13.3,6.2,3.7,1.59,2024-04-09
BTP068 - Veeresh Theatre Junction,junction,2024-04-09,12.977204228666666,77.54560205444444,0.6722879,Low,13.2,2.6,1.6,0.66,2024-04-09
GRID_13.07_77.59,grid,2024-04-09,13.071008121621116,77.58842966218143,0.51522857,Low,13.2,1.3,0.8,0.32,2024-04-09
"BTP148 - 17th Main, Doopanahalli Bus Stop",junction,2024-04-09,12.963544359694668,77.64224911220946,0.41518345,Low,13.0,2.7,1.6,0.68,2024-04-09
BTP205 - Modi Hospital Junction,junction,2024-04-09,12.99749328843376,77.54689053376117,0.25892088,Low,13.0,1.1,0.7,0.28,2024-04-09
BTP010 - Rajajinagar Entrance,junction,2024-04-09,12.982219445330337,77.56000469953807,0.31165764,Low,13.0,1.6,0.9,0.39,2024-04-09
BTP069 - MC Circle,junction,2024-04-09,12.974678015539343,77.54747629313898,0.45342496,Low,13.0,1.8,1.1,0.46,2024-04-09
GRID_13.01_77.57,grid,2024-04-09,13.006951315854739,77.57045226303514,1.2705339,Low,12.9,4.6,2.7,1.17,2024-04-09
GRID_13.04_77.59,grid,2024-04-09,13.035899075386217,77.58915421361779,2.0427415,Low,12.8,6.6,3.9,1.7,2024-04-09
BTP167 - JC Road Junction,junction,2024-04-09,12.958270949400605,77.5812765294281,0.7226025,Low,12.8,3.8,2.3,0.97,2024-04-09
BTP008 - Navarang Theatre,junction,2024-04-09,12.998479756367226,77.55309288953602,0.22728212,Low,12.8,0.8,0.5,0.19,2024-04-09
BTP054 - Shivananda Circle,junction,2024-04-09,12.986304582859464,77.57888402889894,0.28067163,Low,12.6,1.6,1.0,0.41,2024-04-09
"BTP095 - Satellite Bus Stand, Mysore Road",junction,2024-04-09,12.953803576387163,77.5433510796265,0.40225378,Low,12.6,1.8,1.1,0.47,2024-04-09
"BTP189 - New Diagonal Road, Jayanagar",junction,2024-04-09,12.928088273359073,77.58068341254827,0.43973795,Low,12.6,1.9,1.1,0.47,2024-04-09
BTP172 - Nanjappa Circle,junction,2024-04-09,12.961712130591632,77.5994701020202,0.23150295,Low,12.5,0.8,0.5,0.21,2024-04-09
BTP192 - Urvashi Theater,junction,2024-04-09,12.95644291764706,77.58601795813148,0.35113657,Low,12.5,1.9,1.1,0.48,2024-04-09
BTP074 - Leprosy Hospital Junction,junction,2024-04-09,12.975734541859076,77.56168708821251,0.24551669,Low,12.5,1.1,0.6,0.27,2024-04-09
BTP028 - Vijayanagar Bus Stand Junction,junction,2024-04-09,12.972557481866048,77.53810466215123,0.21777268,Low,12.3,1.0,0.6,0.25,2024-04-09
BTP071 - Prasanna Junction,junction,2024-04-09,12.974425242344251,77.55209937891078,0.28069344,Low,12.3,1.1,0.6,0.27,2024-04-09
BTP208 - Havanur Circle,junction,2024-04-09,12.987943587152564,77.5375518757677,0.22362511,Low,12.3,1.0,0.6,0.25,2024-04-09
"BTP115 - Sahasra Hospital, Jayanagar",junction,2024-04-09,12.9172537672404,77.57373717884926,0.49091738,Low,12.2,3.7,2.2,0.93,2024-04-09
"BTP206 - Shankara Mutt Circle, Vijayanagar",junction,2024-04-09,12.998634004522613,77.54148434706867,0.14803651,Low,12.0,0.6,0.4,0.16,2024-04-09
BTP136 - Hosur-Tavarkere Road Junction,junction,2024-04-09,12.934256872468355,77.60856094556962,0.37547648,Low,11.9,2.8,1.7,0.71,2024-04-09
"BTP202 - East End Main Road, Jayanagar",junction,2024-04-09,12.917146362068966,77.59691362068966,0.56427383,Low,11.9,3.3,2.0,0.84,2024-04-09
"BTP062 - Basava Mantapa, Dr. Rajkumar Road",junction,2024-04-09,12.979942471434695,77.55467846447999,0.3175343,Low,11.9,1.7,1.0,0.42,2024-04-09
BTP184 - Lalbagh West Gate,junction,2024-04-09,12.948408644615386,77.58014869538462,0.47454685,Low,11.8,1.9,1.2,0.49,2024-04-09
"BTP210 - 50th cross, 12th Main , Rajajinagar",junction,2024-04-09,12.986993655784064,77.5551775596401,0.27710873,Low,11.8,1.4,0.9,0.36,2024-04-09
"BTP024 - NPS, Vijayanagar",junction,2024-04-09,12.98285641751018,77.54881741390679,0.3283657,Low,11.7,1.7,1.0,0.43,2024-04-09
"BTP123 - 10th Cross, Wilson Garden",junction,2024-04-09,12.946074685373008,77.59611191647917,0.23332997,Low,11.6,1.1,0.7,0.28,2024-04-09
BTP018 - Dhobi Ghat Junction,junction,2024-04-09,12.987581793589744,77.54985970128205,0.23485702,Low,11.6,1.3,0.8,0.33,2024-04-09
BTP091 - Sirsi Circle,junction,2024-04-09,12.962144173390557,77.55870154763949,0.34526178,Low,11.5,2.5,1.5,0.63,2024-04-09
"BTP176 - Rajalakshmi Kalyana Mantapa, JP Nagar",junction,2024-04-09,12.91730204968153,77.57837235923567,0.3467381,Low,11.5,2.0,1.2,0.52,2024-04-09
GRID_12.89_77.64,grid,2024-04-09,12.890707578980251,77.6387934396799,3.091416,Low,11.5,12.6,7.6,3.37,2024-04-09
GRID_13.0_77.68,grid,2024-04-09,13.000496497096663,77.67730860277838,2.6244302,Low,11.5,16.2,9.7,4.43,2024-04-09
BTP140 - Madiwala Check Post,junction,2024-04-09,12.93232729010239,77.61331337269624,0.20101947,Low,11.4,1.3,0.8,0.33,2024-04-09
BTP098 - Nayandahalli Junction,junction,2024-04-09,12.944968452830189,77.52777250314465,0.33433008,Low,11.4,2.5,1.5,0.64,2024-04-09
BTP126 - Dairy Circle,junction,2024-04-09,12.936761205533596,77.60207464584981,0.24547932,Low,11.4,2.0,1.2,0.49,2024-04-09
BTP155 - Katriguppe Junction,junction,2024-04-09,12.926701964163822,77.55074101638225,0.29497328,Low,11.4,1.2,0.7,0.3,2024-04-09
"BTP117 - 9th Cross, Kanakapura Road",junction,2024-04-09,12.91238351302521,77.57324936218488,0.316302,Low,11.4,1.9,1.1,0.48,2024-04-09
"BTP188 - 27th Cross, 4th Main, Jayanagar",junction,2024-04-09,12.929678117578124,77.58056281445313,0.34417534,Low,11.4,1.2,0.7,0.31,2024-04-09
"BTP226 - 33rd Cross, 11th Main, Jayanagar",junction,2024-04-09,12.92587461497326,77.58560018262033,0.15300295,Low,11.4,0.9,0.5,0.22,2024-04-09
BTP130 - GD Mara Junction,junction,2024-04-09,12.908069806993007,77.60081927185315,0.1254028,Low,11.3,0.5,0.3,0.12,2024-04-09
BTP076 - Hudson Circle,junction,2024-04-09,12.968017993059126,77.5887969092545,0.13547184,Low,11.3,0.6,0.4,0.15,2024-04-09
"BTP101 - Blood Bank Circle, KH Road",junction,2024-04-09,12.961954240163934,77.5961973273224,0.05938329,Low,11.3,0.2,0.1,0.05,2024-04-09
BTP215 - Vanivillas Junction,junction,2024-04-09,12.946164027505311,77.57023107982037,0.17573671,Low,11.3,0.9,0.5,0.23,2024-04-09
BTP180 - Swagath Poornima Theatre,junction,2024-04-09,12.960504212931033,77.58728456206896,0.224565,Low,11.3,1.7,1.0,0.42,2024-04-09
GRID_12.93_77.68,grid,2024-04-09,12.92730742302336,77.67927728206413,2.3076677,Low,11.3,9.9,6.0,2.62,2024-04-09
"BTP033 - Sophia High School, Sankey Road",junction,2024-04-09,12.990396026086957,77.58866933540372,0.28949842,Low,11.3,0.9,0.5,0.23,2024-04-09
BTP067 - Jai Muni Rao Circle,junction,2024-04-09,12.97851010095941,77.5427450559276,0.107501335,Low,11.3,0.5,0.3,0.13,2024-04-09
BTP085 - Briyand Circle,junction,2024-04-09,12.966174915827338,77.56939723597122,0.31490687,Low,11.2,2.2,1.3,0.55,2024-04-09
BTP109 - Dewan Madhava Rao Junction,junction,2024-04-09,12.940876033076922,77.5724223026923,0.16702063,Low,11.2,0.7,0.4,0.18,2024-04-09
"BTP099 - Cash Pharmacy, Residency Road",junction,2024-04-09,12.969258660389611,77.60025074188312,0.071185485,Low,11.2,0.4,0.3,0.11,2024-04-09
BTP100 - Richmond Circle,junction,2024-04-09,12.962794659409594,77.59828995424354,0.069151245,Low,11.1,0.2,0.1,0.06,2024-04-09
BTP078 - NR Square Junction,junction,2024-04-09,12.965887268780488,77.58540834780489,0.16123788,Low,11.1,0.9,0.5,0.22,2024-04-09
BTP017 - Attiguppe Circle,junction,2024-04-09,12.960579954599407,77.52975111008902,0.01623273,Low,11.1,0.1,0.0,0.01,2024-04-09
"BTP179 - 9th Block, 28th Main, Jayanagar",junction,2024-04-09,12.916983268749998,77.59499624625,0.30462646,Low,11.1,1.5,0.9,0.38,2024-04-09
BTP146 - Domlur Water Tank,junction,2024-04-09,12.960501909016394,77.63876197213115,0.25907192,Low,11.1,1.5,0.9,0.38,2024-04-09
BTP214 - 5th Main Chamrajpet  Junction,junction,2024-04-09,12.966109929586068,77.54990258726592,0.19168462,Low,11.0,1.0,0.6,0.26,2024-04-09
BTP219 - Canara Bank Junction,junction,2024-04-09,12.931163036825396,77.58447701111112,0.075124055,Low,11.0,0.4,0.2,0.09,2024-04-09
"BTP163 - 16th Main Road, BTM Layout",junction,2024-04-09,12.915018361967213,77.6085338095082,0.06857919,Low,11.0,0.3,0.2,0.08,2024-04-09
"BTP177 - Aurobindo Circle, ORR",junction,2024-04-09,12.916604498192772,77.58521114759036,0.19062307,Low,11.0,1.1,0.6,0.27,2024-04-09
"BTP145 - Sri Hatti Maramma Circle, Domluru",junction,2024-04-09,12.961289213222164,77.63616230302713,0.1745015,Low,11.0,0.9,0.6,0.23,2024-04-09
BTP047 - Vidhan Soudha Metro Station,junction,2024-04-09,12.979841192592591,77.59251356560847,0.12421898,Low,10.9,0.6,0.4,0.15,2024-04-09
BTP052 - CID Carlton House Junction,junction,2024-04-09,12.980892975739932,77.58766559770304,0.14032684,Low,10.9,0.8,0.5,0.2,2024-04-09
BTP041 - Gopal Gowda Circle,junction,2024-04-09,12.977367761450381,77.59045643778626,0.11898223,Low,10.9,0.6,0.3,0.14,2024-04-09
"BTP221 - 15th Cross, 24th Main, JP Nagar",junction,2024-04-09,12.904821129473683,77.58624848105264,0.21252482,Low,10.9,1.3,0.8,0.32,2024-04-09
BTP171 - Indian Express (Balekundri),junction,2024-04-09,12.986118457731958,77.59866572268041,0.21891157,Low,10.9,1.1,0.7,0.27,2024-04-09
BTP037 - KR Circle,junction,2024-04-09,12.976492461780106,77.58641872356021,0.1061227,Low,10.9,0.7,0.4,0.17,2024-04-09
BTP218 - Syndicate Bank Junction,junction,2024-04-09,12.934745061184211,77.58441769605264,0.048751876,Low,10.9,0.2,0.1,0.04,2024-04-09
BTP132 - Anepalya Junction,junction,2024-04-09,12.951218263265307,77.60693767210884,0.17559068,Low,10.8,1.1,0.7,0.28,2024-04-09
BTP034 - LRDE Junction,junction,2024-04-09,12.988376719514173,77.59181692993047,0.11186603,Low,10.8,0.5,0.3,0.13,2024-04-09
"BTP186 - 9th Cross, 4th Main, Jayanagar",junction,2024-04-09,12.939346947891531,77.58306246593123,0.13710384,Low,10.8,0.5,0.3,0.12,2024-04-09
"BTP197 - 9th Cross, 24th Main, JP Nagar",junction,2024-04-09,12.911649257920791,77.58617407673268,0.06791522,Low,10.8,0.4,0.2,0.09,2024-04-09
BTP009 - Prakash Nagar Junction,junction,2024-04-09,12.992510784831461,77.5575310719101,0.10188639,Low,10.8,0.4,0.2,0.1,2024-04-09
BTP225 - Geetha Junction,junction,2024-04-09,12.928369027272728,77.58585405849803,0.04243481,Low,10.8,0.2,0.1,0.04,2024-04-09
BTP220 - Puttanna Junction,junction,2024-04-09,12.928850529296875,77.5828325640625,0.02773393,Low,10.8,0.2,0.1,0.04,2024-04-09
BTP075 - Police Corner,junction,2024-04-09,12.96872643839462,77.58633180090612,0.12450955,Low,10.8,0.8,0.5,0.21,2024-04-09
BTP120 - Lalbagh Main Gate Junction,junction,2024-04-09,12.954161373619632,77.58463449325154,0.094292544,Low,10.7,0.6,0.3,0.14,2024-04-09
BTP119 - Minerva Circle,junction,2024-04-09,12.955120233734938,77.58029479216867,0.06682857,Low,10.7,0.3,0.2,0.07,2024-04-09
BTP122 - Siddapura Junction,junction,2024-04-09,12.948459547286822,77.59291910930233,0.118512295,Low,10.7,0.8,0.5,0.19,2024-04-09
BTP092 - Bangalore Builders Junction,junction,2024-04-09,12.959349637647058,77.5557458717647,0.14699665,Low,10.7,1.4,0.8,0.35,2024-04-09
BTP216 - Yediyur Junction,junction,2024-04-09,12.93802209089189,77.57687954027875,0.13744614,Low,10.7,0.8,0.5,0.2,2024-04-09
BTP173 - TMC,junction,2024-04-09,12.982320013533833,77.59870472105264,0.07885776,Low,10.6,0.4,0.3,0.11,2024-04-09
"BTP102 - BMTC Junction, KH Road",junction,2024-04-09,12.95558064,77.59289194142858,0.072617814,Low,10.6,0.4,0.3,0.11,2024-04-09
BTP105 - Shivasankara Circle,junction,2024-04-09,12.956886487078652,77.57419385617978,0.06024974,Low,10.6,0.2,0.1,0.06,2024-04-09
"BTP168 - MSR Building, JC Road",junction,2024-04-09,12.961178251219511,77.5842871495935,0.12908556,Low,10.6,0.8,0.5,0.21,2024-04-09
BTP217 - Baleyele Junction,junction,2024-04-09,12.957376190529521,77.56945101736699,0.09613506,Low,10.5,0.4,0.3,0.11,2024-04-09
BTP207 - 8th Main Road Basaveshwara Nagar,junction,2024-04-09,12.991911170558376,77.53847922335025,0.047775887,Low,10.5,0.2,0.1,0.05,2024-04-09
BTP103 - Shanti Nagar TTMC,junction,2024-04-09,12.953835349166667,77.59173402500001,0.05983938,Low,10.5,0.3,0.2,0.08,2024-04-09
"BTP113 - 27th Cross, Pai Vista, KR Road",junction,2024-04-09,12.917530724324326,77.57309781441441,0.07105432,Low,10.5,0.3,0.2,0.07,2024-04-09
BTP166 - Coffee Board Junction,junction,2024-04-09,12.984923901801801,77.59434976306306,0.07529264,Low,10.5,0.4,0.3,0.11,2024-04-09
BTP158 - Devegowda Petrol Bunk,junction,2024-04-09,12.921269069483158,77.5603682596793,0.1452475,Low,10.5,0.8,0.5,0.19,2024-04-09
BTP203 - RRMR Junction,junction,2024-04-09,12.967407398347108,77.59355071239669,0.056668025,Low,10.5,0.4,0.2,0.1,2024-04-09
BTP138 - Sarjapur Road Check Post,junction,2024-04-09,12.927108226774553,77.61689196143901,0.06661315,Low,10.4,0.4,0.2,0.1,2024-04-09
BTP193 - Vasavi Circle,junction,2024-04-09,12.949692636337348,77.57682725461063,0.043970678,Low,10.4,0.2,0.1,0.06,2024-04-09
"BTP190 - 36th Cross, 4th Main, Jayanagar",junction,2024-04-09,12.922651633687517,77.58126195007735,0.030997135,Low,10.4,0.1,0.1,0.03,2024-04-09
BTP222 - Delmia Circle,junction,2024-04-09,12.905872203529412,77.59264487411765,0.05781099,Low,10.4,0.3,0.2,0.08,2024-04-09
BTP064 - Devanga Hostel Junction,junction,2024-04-09,12.96268053368421,77.58990699578948,0.03351659,Low,10.4,0.2,0.1,0.06,2024-04-09
BTP079 - Town Hall Junction,junction,2024-04-09,12.964662841935484,77.58480971935484,0.03661707,Low,10.4,0.2,0.1,0.05,2024-04-09
BTP106 - VV Puram College,junction,2024-04-09,12.952853619144381,77.5742573657524,0.03209977,Low,10.4,0.2,0.1,0.04,2024-04-09
BTP121 - KH Circle,junction,2024-04-09,12.951919158666666,77.59041085733334,0.06021081,Low,10.4,0.4,0.2,0.09,2024-04-09
BTP128 - Gorappanapalya Junction,junction,2024-04-09,12.920613594117647,77.6003740882353,0.09463368,Low,10.4,0.5,0.3,0.12,2024-04-09
"BTP094 - Sri Skanda Complex, Mysore Road",junction,2024-04-09,12.95581615764706,77.54618573529412,0.05268618,Low,10.4,0.4,0.3,0.11,2024-04-09
BTP196 - Sarakki Main Road,junction,2024-04-09,12.91112095952765,77.5781207231884,0.0668273,Low,10.4,0.3,0.2,0.08,2024-04-09
BTP036 - Police Thimmaiah Circle (GPO),junction,2024-04-09,12.98094640945946,77.59428802297298,0.011949683,Low,10.3,0.1,0.0,0.02,2024-04-09
"BTP159 - JP Nagar Metro, ORR",junction,2024-04-09,12.906232425875,77.573168152875,0.045391254,Low,10.3,0.3,0.2,0.08,2024-04-09
"BTP015 - Suguna Hospital, Dr. Rajkumar Road",junction,2024-04-09,12.987772653164557,77.5594433392405,0.025188826,Low,10.3,0.1,0.1,0.03,2024-04-09
"BTP191 - 40th Cross, 4th Main, Jayanagar",junction,2024-04-09,12.92006186516854,77.5822193022472,0.045697335,Low,10.3,0.2,0.1,0.05,2024-04-09
BTP212 - Minto Junction,junction,2024-04-09,12.960257728985507,77.57143755652173,0.041680537,Low,10.3,0.3,0.2,0.07,2024-04-09
"BTP127 - Sagar Hospital, Jayanagar",junction,2024-04-09,12.927932214705882,77.59837052941177,0.050738547,Low,10.3,0.4,0.2,0.1,2024-04-09
BTP107 - National College Junction,junction,2024-04-09,12.948955050684932,77.57294951506849,0.023661224,Low,10.3,0.1,0.1,0.02,2024-04-09
BTP053 - Three Let Junction,junction,2024-04-09,12.983840382608696,77.58177968913044,0.030435987,Low,10.2,0.3,0.2,0.06,2024-04-09
"BTP114 - KR Road Junction, Near JSS",junction,2024-04-09,12.924322724413159,77.57493878339055,0.0061420836,Low,10.2,0.0,0.0,0.01,2024-04-09
BTP187 - South End Circle,junction,2024-04-09,12.937353674534268,77.58199584693376,0.019144451,Low,10.2,0.1,0.0,0.02,2024-04-09
BTP133 - Adugodi Junction,junction,2024-04-09,12.941890507462688,77.60854312089552,0.044628445,Low,10.2,0.3,0.2,0.06,2024-04-09
"BTP089 - Police Quarters, Sultan Road",junction,2024-04-09,12.960992125,77.5635322325,0.037917513,Low,10.2,0.4,0.2,0.1,2024-04-09
"BTP093 - Toll Gate, Mysore Road",junction,2024-04-09,12.958547894444443,77.55221098194444,0.02592969,Low,10.2,0.2,0.1,0.05,2024-04-09
BTP134 - Mico Bande,junction,2024-04-09,12.945716540540541,77.6025567972973,0.041298475,Low,10.2,0.2,0.1,0.06,2024-04-09
BTP185 - RV Teachers College,junction,2024-04-09,12.944620242592592,77.58062071851852,0.00824409,Low,10.2,0.0,0.0,0.01,2024-04-09
"BTP178 - 18th Main, Marenahalli",junction,2024-04-09,12.91689827142857,77.58956701428572,0.03111056,Low,10.1,0.2,0.1,0.04,2024-04-09
BTP035 - Basaweshwara Circle (LH) Junction,junction,2024-04-09,12.98461576451613,77.58817643870967,0.011614194,Low,10.1,0.1,0.0,0.02,2024-04-09
BTP030 - Mekhri Circle,junction,2024-04-09,13.012824675714286,77.58383126285715,0.012736296,Low,10.1,0.1,0.0,0.02,2024-04-09
BTP141 - Palmgroove Junction,junction,2024-04-09,12.968275867567566,77.61366548648648,0.005556721,Low,10.1,0.0,0.0,0.01,2024-04-09
"BTP025 - Puttamma Choultry, Nagarbhavi",junction,2024-04-09,12.978654194999999,77.53813890500001,0.00839035,Low,10.1,0.0,0.0,0.01,2024-04-09
BTP006 - Navarang Bar Junction,junction,2024-04-09,12.99110927631579,77.55770017368421,0.00980626,Low,10.1,0.1,0.0,0.01,2024-04-09
BTP156 - Kamakya Junction,junction,2024-04-09,12.923800053611933,77.55335398807121,0.008648012,Low,10.1,0.1,0.0,0.01,2024-04-09
BTP077 - Halasuru Gate Junction,junction,2024-04-09,12.966897120833332,77.5870293625,0.011743878,Low,10.1,0.1,0.0,0.02,2024-04-09
BTP143 - ASC Junction,junction,2024-04-09,12.969471173333334,77.61978309333334,0.009791919,Low,10.1,0.1,0.1,0.02,2024-04-09
BTP142 - Lower Agram Road Junction,junction,2024-04-09,12.962000976190476,77.61538746190476,0.009210538,Low,10.1,0.1,0.0,0.01,2024-04-09
BTP213 - Royan Circle,junction,2024-04-09,12.960757848606496,77.56831495368421,0.011698835,Low,10.1,0.1,0.1,0.03,2024-04-09
"BTP164 - 29th Main Road, BTM Layout",junction,2024-04-09,12.915922940343162,77.61541795166417,0.0111340005,Low,10.1,0.0,0.0,0.01,2024-04-09
"BTP161 - 15th Cross, 35th Main, JP Nagar",junction,2024-04-09,12.906493766666665,77.577648025,0.009092417,Low,10.1,0.1,0.0,0.01,2024-04-09
"BTP200 - 15th Cross, 33rd Main, JP Nagar",junction,2024-04-09,12.906321830434782,77.58130143913044,0.008453641,Low,10.1,0.1,0.0,0.01,2024-04-09
BTP144 - Commando Hospital Junction,junction,2024-04-09,12.968701750000001,77.62630552499999,0.0059309658,Low,10.0,0.0,0.0,0.01,2024-04-09
BTP154 - Itmadu Junction,junction,2024-04-09,12.930232485714285,77.54541242857144,0.00071459136,Low,10.0,0.0,0.0,0.0,2024-04-09
"BTP112 - 14th Cross, KR Road",junction,2024-04-09,12.92934653,77.57320882,0.0037678108,Low,10.0,0.0,0.0,0.01,2024-04-09
"BTP110 - Bharathi Nursing Home, Basavanagudi",junction,2024-04-09,12.93742960532226,77.57230527575187,0.00065578404,Low,10.0,0.0,0.0,0.0,2024-04-09
BTP181 - Bileka Halli Junction,junction,2024-04-09,12.9019944125,77.60112085,0.0017888235,Low,10.0,0.0,0.0,0.0,2024-04-09
"BTP198 - 9th Cross, 8th Main, JP Nagar",junction,2024-04-09,12.910182857142857,77.5956611,0.0045933803,Low,10.0,0.0,0.0,0.01,2024-04-09
BTP157 - Kadirenahalli Cross,junction,2024-04-09,12.912996066666667,77.56706291333333,0.0012958386,Low,10.0,0.0,0.0,0.0,2024-04-09
GRID_13.0_77.67,grid,2024-04-09,12.996406084503095,77.66879607077169,2.0464368,Low,9.6,18.3,11.0,5.04,2024-04-09
GRID_13.0_77.57,grid,2024-04-09,12.999157963081146,77.57067657143307,0.52620107,Low,9.6,2.1,1.2,0.52,2024-04-09
GRID_12.97_77.61,grid,2024-04-09,12.972334250489427,77.60968779535388,1.2101238,Low,8.7,4.8,2.9,1.23,2024-04-09
GRID_12.99_77.6,grid,2024-04-09,12.98940879062338,77.60034623024461,1.9791492,Low,8.4,7.4,4.4,1.92,2024-04-09
GRID_12.94_77.7,grid,2024-04-09,12.939745543697065,77.69687606479994,0.6275302,Low,8.3,5.1,3.1,1.31,2024-04-09
GRID_12.97_77.62,grid,2024-04-09,12.973081400721911,77.61924401246961,1.380148,Low,8.1,6.0,3.6,1.53,2024-04-09
GRID_12.99_77.57,grid,2024-04-09,12.990622984248333,77.57262878327347,0.90241927,Low,7.5,3.5,2.1,0.9,2024-04-09
GRID_13.19_77.68,grid,2024-04-09,13.18736892340802,77.68032602824292,0.9374501,Low,7.4,4.6,2.7,1.17,2024-04-09
GRID_12.91_77.63,grid,2024-04-09,12.909304294183482,77.63007798692958,1.0227638,Low,7.1,4.3,2.6,1.1,2024-04-09
GRID_12.96_77.72,grid,2024-04-09,12.96199766822802,77.71715576768345,0.805816,Low,7.0,3.1,1.9,0.8,2024-04-09
GRID_13.03_77.54,grid,2024-04-09,13.029212624410057,77.53923860108682,1.4602658,Low,6.8,6.2,3.7,1.6,2024-04-09
GRID_13.1_77.6,grid,2024-04-09,13.09731581945795,77.59935528704435,1.7680268,Low,6.7,7.0,4.2,1.81,2024-04-09
GRID_12.94_77.69,grid,2024-04-09,12.936275426592282,77.69180060837698,1.2086096,Low,6.6,5.9,3.5,1.52,2024-04-09
GRID_12.95_77.7,grid,2024-04-09,12.949891874274797,77.69957600147247,1.1886119,Low,6.1,11.3,6.8,3.0,2024-04-09
GRID_13.0_77.61,grid,2024-04-09,12.997784809367397,77.61218897925791,0.51931465,Low,6.0,1.6,1.0,0.41,2024-04-09
GRID_12.97_77.66,grid,2024-04-09,12.971386472277048,77.65808232698889,0.8982244,Low,5.9,3.1,1.9,0.8,2024-04-09
GRID_12.96_77.7,grid,2024-04-09,12.957890746228077,77.70150991942758,0.7137124,Low,5.9,3.3,2.0,0.84,2024-04-09
GRID_12.96_77.65,grid,2024-04-09,12.9596272721904,77.64778127604174,0.84049386,Low,5.2,4.1,2.5,1.05,2024-04-09
GRID_12.97_77.71,grid,2024-04-09,12.971546419687106,77.71194441374813,1.0733386,Low,5.0,5.3,3.2,1.37,2024-04-09
GRID_12.91_77.64,grid,2024-04-09,12.911617668865443,77.6379102259959,0.36740348,Low,5.0,1.1,0.7,0.28,2024-04-09
GRID_12.99_77.61,grid,2024-04-09,12.990677105966894,77.60878863097561,0.7454612,Low,4.4,3.0,1.8,0.76,2024-04-09
GRID_13.19_77.65,grid,2024-04-09,13.1912518608,77.64623554427587,0.68289155,Low,4.2,4.6,2.8,1.19,2024-04-09
GRID_13.02_77.53,grid,2024-04-09,13.018764896676737,77.53159845226587,0.7329001,Low,3.9,4.6,2.8,1.18,2024-04-09
GRID_12.99_77.66,grid,2024-04-09,12.99339169049954,77.66240332037073,0.5820038,Low,3.7,1.7,1.0,0.44,2024-04-09
GRID_13.06_77.59,grid,2024-04-09,13.06155912352622,77.59007049334042,0.38318175,Low,3.7,1.5,0.9,0.39,2024-04-09
GRID_13.02_77.56,grid,2024-04-09,13.018269436277144,77.55759708554575,0.7455479,Low,3.6,3.2,1.9,0.81,2024-04-09
GRID_12.95_77.72,grid,2024-04-09,12.951507326752585,77.71746926868809,0.8931609,Low,3.6,6.5,3.9,1.69,2024-04-09
GRID_13.03_77.59,grid,2024-04-09,13.031593231695556,77.58792562434873,0.4145967,Low,3.5,1.6,1.0,0.41,2024-04-09
GRID_12.97_77.65,grid,2024-04-09,12.97043379566521,77.64758168566345,0.3671408,Low,3.5,2.2,1.3,0.55,2024-04-09
GRID_12.92_77.67,grid,2024-04-09,12.920339341024242,77.66965571662604,0.62068313,Low,3.3,2.5,1.5,0.63,2024-04-09
GRID_13.03_77.62,grid,2024-04-09,13.033556794163424,77.62384081167315,0.8680574,Low,3.3,5.4,3.3,1.39,2024-04-09
GRID_12.98_77.64,grid,2024-04-09,12.97901119579896,77.63990778844614,0.55485666,Low,3.3,2.5,1.5,0.62,2024-04-09
GRID_12.97_77.58,grid,2024-04-09,12.969516043665015,77.57593034244353,0.4294274,Low,3.3,1.6,0.9,0.39,2024-04-09
GRID_12.84_77.65,grid,2024-04-09,12.841695712077703,77.64683507837839,0.2323686,Low,3.2,0.7,0.4,0.17,2024-04-09
GRID_13.05_77.58,grid,2024-04-09,13.047631684634146,77.57610700231707,0.6591514,Low,3.2,1.9,1.2,0.49,2024-04-09
GRID_12.97_77.64,grid,2024-04-09,12.969850851438833,77.6406845895895,0.23417069,Low,3.2,0.9,0.6,0.23,2024-04-09
GRID_12.88_77.65,grid,2024-04-09,12.877618998177343,77.64721667009009,0.7828125,Low,3.2,3.7,2.2,0.95,2024-04-09
GRID_13.0_77.7,grid,2024-04-09,12.995375450421525,77.6963883122724,0.4925118,Low,3.1,3.3,2.0,0.83,2024-04-09
GRID_12.93_77.63,grid,2024-04-09,12.930945671653543,77.63211823950131,0.5914043,Low,3.1,2.3,1.4,0.59,2024-04-09
GRID_12.9_77.68,grid,2024-04-09,12.899573188610386,77.67553171059443,0.47466046,Low,3.0,1.7,1.0,0.43,2024-04-09
GRID_12.88_77.64,grid,2024-04-09,12.88294517953203,77.64181161704204,0.70815927,Low,2.7,3.4,2.0,0.85,2024-04-09
GRID_12.84_77.64,grid,2024-04-09,12.84218213521131,77.64429451715615,0.35761824,Low,2.4,1.6,1.0,0.41,2024-04-09
GRID_13.05_77.59,grid,2024-04-09,13.050785760443624,77.59295122402958,0.2871483,Low,2.3,1.0,0.6,0.26,2024-04-09
GRID_13.03_77.57,grid,2024-04-09,13.028638109259258,77.57249247849002,0.2374621,Low,2.3,0.9,0.5,0.22,2024-04-09
GRID_13.01_77.53,grid,2024-04-09,13.008735529850746,77.5276437814499,0.36000642,Low,2.3,3.3,2.0,0.84,2024-04-09
GRID_13.03_77.58,grid,2024-04-09,13.027638487411393,77.57810546454687,0.38327795,Low,2.2,1.5,0.9,0.37,2024-04-09
GRID_13.0_77.69,grid,2024-04-09,12.996998279039644,77.69257045415564,0.2715235,Low,2.2,1.5,0.9,0.38,2024-04-09
GRID_13.12_77.61,grid,2024-04-09,13.12090222142857,77.61108189214285,0.63214445,Low,2.2,2.7,1.6,0.67,2024-04-09
GRID_12.98_77.56,grid,2024-04-09,12.975795432199533,77.55887079442296,0.16617006,Low,2.2,0.4,0.3,0.11,2024-04-09
GRID_13.02_77.59,grid,2024-04-09,13.0220579012939,77.59131261330869,0.17206174,Low,2.2,0.6,0.3,0.14,2024-04-09
GRID_13.0_77.56,grid,2024-04-09,12.99663009876325,77.56270722173144,0.18175659,Low,2.1,0.5,0.3,0.14,2024-04-09
GRID_12.99_77.59,grid,2024-04-09,12.992556024609375,77.59109175605468,0.21890056,Low,2.1,0.6,0.4,0.15,2024-04-09
GRID_12.97_77.72,grid,2024-04-09,12.966027628856624,77.71780480108893,0.12658158,Low,2.1,0.4,0.3,0.11,2024-04-09
GRID_12.88_77.6,grid,2024-04-09,12.878281968476093,77.59635725492348,0.23293586,Low,2.1,0.7,0.4,0.18,2024-04-09
GRID_12.96_77.55,grid,2024-04-09,12.964367150310558,77.5530788757764,0.27948815,Low,1.9,1.0,0.6,0.25,2024-04-09
GRID_12.98_77.7,grid,2024-04-09,12.978652590033535,77.6956770725469,0.364007,Low,1.9,2.0,1.2,0.51,2024-04-09
GRID_12.96_77.52,grid,2024-04-09,12.957394943609996,77.51879339553686,0.28049764,Low,1.9,1.0,0.6,0.26,2024-04-09
GRID_12.93_77.61,grid,2024-04-09,12.929638162987013,77.60734136580086,0.17826244,Low,1.9,0.8,0.5,0.2,2024-04-09
GRID_12.94_77.52,grid,2024-04-09,12.937497335616438,77.52017331666667,0.2548298,Low,1.8,0.9,0.5,0.22,2024-04-09
GRID_13.01_77.56,grid,2024-04-09,13.008857324,77.55673444610527,0.19229592,Low,1.8,0.5,0.3,0.13,2024-04-09
GRID_13.1_77.58,grid,2024-04-09,13.09892656644737,77.57968609934211,0.4442564,Low,1.7,1.7,1.0,0.42,2024-04-09
GRID_12.96_77.54,grid,2024-04-09,12.964293660915493,77.54110575140845,0.26787674,Low,1.6,0.8,0.5,0.2,2024-04-09
GRID_12.96_77.53,grid,2024-04-09,12.960900165382622,77.52774607510695,0.029543638,Low,1.6,0.1,0.0,0.02,2024-04-09
GRID_13.02_77.55,grid,2024-04-09,13.018747146477583,77.55112968158963,0.33186117,Low,1.6,2.0,1.2,0.51,2024-04-09
GRID_12.98_77.63,grid,2024-04-09,12.978876603778344,77.62869914521781,0.18474154,Low,1.6,0.9,0.5,0.22,2024-04-09
GRID_13.03_77.63,grid,2024-04-09,13.029549156565658,77.6288787060606,0.4667801,Low,1.6,2.4,1.4,0.6,2024-04-09
GRID_13.04_77.52,grid,2024-04-09,13.039708836984687,77.51855996042403,0.27577943,Low,1.6,1.7,1.0,0.43,2024-04-09
GRID_12.99_77.62,grid,2024-04-09,12.990668579276702,77.61728964408472,0.24125257,Low,1.6,0.9,0.5,0.22,2024-04-09
GRID_12.93_77.7,grid,2024-04-09,12.93199635279955,77.69593647237595,0.36136425,Low,1.5,2.7,1.6,0.69,2024-04-09
GRID_13.01_77.54,grid,2024-04-09,13.009479617985612,77.54224147302158,0.24218306,Low,1.5,1.0,0.6,0.26,2024-04-09
GRID_12.96_77.51,grid,2024-04-09,12.960962846896553,77.51152006390805,0.09880817,Low,1.5,0.5,0.3,0.12,2024-04-09
GRID_13.0_77.62,grid,2024-04-09,12.998891192227978,77.61948345569948,0.15466397,Low,1.5,0.6,0.4,0.16,2024-04-09
GRID_13.02_77.58,grid,2024-04-09,13.023095236462277,77.58470699353232,0.271999,Low,1.5,1.2,0.7,0.31,2024-04-09
GRID_12.89_77.56,grid,2024-04-09,12.888682648899172,77.5624224860402,0.2085611,Low,1.4,0.7,0.4,0.17,2024-04-09
GRID_12.94_77.59,grid,2024-04-09,12.938547443418498,77.5871244656873,0.14015684,Low,1.4,0.5,0.3,0.13,2024-04-09
GRID_12.97_77.63,grid,2024-04-09,12.972165256982299,77.62760448142781,0.24873793,Low,1.4,1.3,0.8,0.33,2024-04-09
GRID_12.98_77.62,grid,2024-04-09,12.977170190523722,77.61923123024928,0.2553812,Low,1.4,1.2,0.7,0.31,2024-04-09
GRID_12.91_77.68,grid,2024-04-09,12.912258868073401,77.67937285818984,0.12480739,Low,1.4,0.5,0.3,0.12,2024-04-09
GRID_12.99_77.73,grid,2024-04-09,12.987503404661016,77.73387462245762,0.13146667,Low,1.4,0.3,0.2,0.08,2024-04-09
GRID_12.91_77.61,grid,2024-04-09,12.913225786175117,77.60623939124424,0.2421691,Low,1.3,0.7,0.4,0.18,2024-04-09
GRID_13.04_77.57,grid,2024-04-09,13.037821995081966,77.57151156557377,0.27831355,Low,1.3,1.0,0.6,0.26,2024-04-09
GRID_12.97_77.51,grid,2024-04-09,12.972061330357144,77.508960315625,0.24277766,Low,1.3,1.3,0.8,0.33,2024-04-09
GRID_12.93_77.62,grid,2024-04-09,12.928376018505338,77.62040047793595,0.21543916,Low,1.3,1.0,0.6,0.25,2024-04-09
GRID_12.94_77.62,grid,2024-04-09,12.938923547849463,77.61986757284946,0.12762338,Low,1.2,0.5,0.3,0.13,2024-04-09
GRID_12.95_77.59,grid,2024-04-09,12.94607781030949,77.58765630307454,0.3243166,Low,1.2,1.2,0.7,0.3,2024-04-09
GRID_12.87_77.65,grid,2024-04-09,12.870996338892036,77.65301381931575,0.1884691,Low,1.2,0.7,0.4,0.17,2024-04-09
GRID_13.0_77.58,grid,2024-04-09,12.998645675586854,77.58141189342723,0.26151425,Low,1.2,0.9,0.5,0.23,2024-04-09
GRID_13.05_77.51,grid,2024-04-09,13.047856270103093,77.507430895189,0.20907018,Low,1.2,0.8,0.5,0.2,2024-04-09
GRID_12.99_77.72,grid,2024-04-09,12.992675197916666,77.717627009375,0.32823774,Low,1.2,1.6,0.9,0.39,2024-04-09
GRID_13.12_77.63,grid,2024-04-09,13.121563367142857,77.63098209977679,0.14965066,Low,1.1,1.0,0.6,0.25,2024-04-09
GRID_12.84_77.68,grid,2024-04-09,12.839988477857695,77.67709304103802,0.05497525,Low,1.1,0.2,0.1,0.06,2024-04-09
GRID_12.99_77.74,grid,2024-04-09,12.987056746258503,77.73607077142857,0.21391644,Low,1.1,0.5,0.3,0.13,2024-04-09
GRID_13.05_77.55,grid,2024-04-09,13.050051060434782,77.55160854826086,0.14987452,Low,1.1,0.5,0.3,0.14,2024-04-09
GRID_13.05_77.49,grid,2024-04-09,13.05135762320464,77.49084478285728,0.26990324,Low,1.1,1.2,0.7,0.31,2024-04-09
GRID_12.98_77.71,grid,2024-04-09,12.979418091237113,77.71036829329897,0.15506087,Low,1.1,0.7,0.4,0.17,2024-04-09
GRID_12.99_77.71,grid,2024-04-09,12.988756907287325,77.71002086051739,0.28015706,Low,1.1,1.6,0.9,0.39,2024-04-09
GRID_12.99_77.65,grid,2024-04-09,12.991380519209939,77.65191252355667,0.20610797,Low,1.1,1.2,0.7,0.3,2024-04-09
GRID_12.94_77.57,grid,2024-04-09,12.941649174072719,77.56710402737954,0.07698412,Low,1.1,0.3,0.2,0.08,2024-04-09
GRID_12.94_77.75,grid,2024-04-09,12.940802205919958,77.74739034078512,0.24515112,Low,1.1,1.4,0.9,0.36,2024-04-09
GRID_13.09_77.59,grid,2024-04-09,13.093649192857143,77.59421949183672,0.04841109,Low,1.0,0.1,0.1,0.03,2024-04-09
GRID_12.96_77.73,grid,2024-04-09,12.960160175014156,77.73214764999824,0.17821398,Low,1.0,1.0,0.6,0.25,2024-04-09
GRID_12.91_77.55,grid,2024-04-09,12.908912275454455,77.54867479573748,0.1240724,Low,1.0,1.0,0.6,0.24,2024-04-09
GRID_12.99_77.7,grid,2024-04-09,12.99441017505851,77.69976924320547,0.2509687,Low,1.0,1.3,0.8,0.32,2024-04-09
GRID_13.03_77.56,grid,2024-04-09,13.032814341089116,77.55900086553227,0.031667355,Low,1.0,0.1,0.1,0.03,2024-04-09
GRID_12.92_77.65,grid,2024-04-09,12.91994160730897,77.65046660897009,0.051924556,Low,1.0,0.2,0.1,0.05,2024-04-09
GRID_12.93_77.54,grid,2024-04-09,12.934846881034483,77.5365279362069,0.10327652,Low,0.9,0.3,0.2,0.07,2024-04-09
GRID_12.96_77.71,grid,2024-04-09,12.957006148837207,77.71167998430232,0.17268635,Low,0.9,0.7,0.4,0.18,2024-04-09
GRID_12.97_77.55,grid,2024-04-09,12.968153701260505,77.54658635714286,0.11235477,Low,0.9,0.4,0.2,0.1,2024-04-09
GRID_13.0_77.6,grid,2024-04-09,12.999948330939228,77.59758635359117,0.12532574,Low,0.9,0.5,0.3,0.13,2024-04-09
GRID_12.99_77.5,grid,2024-04-09,12.989641079281443,77.5018067672808,0.101696774,Low,0.9,0.3,0.2,0.08,2024-04-09
GRID_12.9_77.64,grid,2024-04-09,12.899680059840946,77.63855868132059,0.21649247,Low,0.9,1.2,0.7,0.3,2024-04-09
GRID_12.91_77.7,grid,2024-04-09,12.906778402536801,77.69693050813986,0.1380016,Low,0.9,0.4,0.3,0.1,2024-04-09
GRID_13.02_77.64,grid,2024-04-09,13.022117409185599,77.63916037521675,0.06095849,Low,0.9,0.2,0.1,0.04,2024-04-09
GRID_13.06_77.58,grid,2024-04-09,13.060511651629975,77.57816062433398,0.17476794,Low,0.9,0.8,0.5,0.2,2024-04-09
GRID_12.98_77.58,grid,2024-04-09,12.978809615697676,77.58163294825582,0.08827808,Low,0.8,0.4,0.2,0.09,2024-04-09
GRID_12.99_77.52,grid,2024-04-09,12.98722609525669,77.51957937937212,0.05486654,Low,0.8,0.2,0.1,0.04,2024-04-09
GRID_12.98_77.69,grid,2024-04-09,12.979632965093632,77.69449425280706,0.1437211,Low,0.8,0.9,0.6,0.23,2024-04-09
GRID_13.05_77.75,grid,2024-04-09,13.045926317261904,77.75030918750001,0.12518172,Low,0.8,0.7,0.4,0.19,2024-04-09
GRID_12.97_77.7,grid,2024-04-09,12.968620753902266,77.70114612497116,0.14112681,Low,0.8,0.9,0.5,0.22,2024-04-09
GRID_13.05_77.57,grid,2024-04-09,13.047636456886229,77.57311373712575,0.13034892,Low,0.8,0.5,0.3,0.13,2024-04-09
GRID_13.07_77.63,grid,2024-04-09,13.070272051149425,77.63099281954023,0.07999334,Low,0.7,0.4,0.2,0.09,2024-04-09
GRID_13.05_77.53,grid,2024-04-09,13.050728321658987,77.52600922764977,0.014025046,Low,0.7,0.0,0.0,0.01,2024-04-09
GRID_12.96_77.67,grid,2024-04-09,12.958685702166065,77.66806378772563,0.04940337,Low,0.7,0.1,0.1,0.04,2024-04-09
GRID_13.05_77.5,grid,2024-04-09,13.04778539225,77.49977408316667,0.056466818,Low,0.7,0.2,0.1,0.05,2024-04-09
GRID_13.06_77.55,grid,2024-04-09,13.057321547567568,77.54695945351352,0.092628665,Low,0.7,0.4,0.2,0.09,2024-04-09
GRID_12.98_77.65,grid,2024-04-09,12.979847225146198,77.65022597543859,0.07745322,Low,0.7,0.4,0.2,0.09,2024-04-09
GRID_12.82_77.69,grid,2024-04-09,12.819648171111112,77.68820439444445,0.043362007,Low,0.7,0.2,0.1,0.06,2024-04-09
GRID_12.87_77.66,grid,2024-04-09,12.870396453777778,77.6564710586535,0.07944745,Low,0.7,0.5,0.3,0.12,2024-04-09
GRID_13.04_77.62,grid,2024-04-09,13.037468609009009,77.6230085945946,0.12039108,Low,0.7,0.7,0.4,0.19,2024-04-09
GRID_13.01_77.58,grid,2024-04-09,13.007092317592592,77.57994972361111,0.10301784,Low,0.7,0.5,0.3,0.12,2024-04-09
GRID_13.04_77.51,grid,2024-04-09,13.04041708034826,77.5138938756219,0.1063971,Low,0.6,0.5,0.3,0.11,2024-04-09
GRID_12.98_77.6,grid,2024-04-09,12.975668472185431,77.60155135761589,0.032203484,Low,0.6,0.1,0.1,0.03,2024-04-09
GRID_12.92_77.64,grid,2024-04-09,12.917752190789836,77.63916383991257,0.06448872,Low,0.6,0.3,0.2,0.07,2024-04-09
GRID_12.91_77.69,grid,2024-04-09,12.909700628235294,77.68756728588235,0.1221166,Low,0.6,0.6,0.4,0.15,2024-04-09
GRID_13.02_77.54,grid,2024-04-09,13.01898408016529,77.53921748347108,0.08983236,Low,0.6,0.5,0.3,0.12,2024-04-09
GRID_13.1_77.59,grid,2024-04-09,13.09954007615894,77.58855181324503,0.048273798,Low,0.6,0.1,0.1,0.04,2024-04-09
GRID_13.18_77.69,grid,2024-04-09,13.184081930927835,77.68790758041237,0.030523103,Low,0.6,0.1,0.1,0.03,2024-04-09
GRID_13.02_77.61,grid,2024-04-09,13.021238062857142,77.61288166285713,0.15595314,Low,0.6,1.0,0.6,0.26,2024-04-09
GRID_12.87_77.54,grid,2024-04-09,12.87142779736842,77.53865050438596,0.12316444,Low,0.6,0.6,0.3,0.15,2024-04-09
GRID_12.9_77.63,grid,2024-04-09,12.900755973679487,77.63124567494684,0.07039338,Low,0.6,0.3,0.2,0.08,2024-04-09
GRID_12.9_77.65,grid,2024-04-09,12.900243158186711,77.64901458048934,0.16969123,Low,0.6,0.8,0.5,0.21,2024-04-09
GRID_12.96_77.56,grid,2024-04-09,12.964306001298702,77.55543871363636,0.03721762,Low,0.6,0.2,0.1,0.04,2024-04-09
GRID_13.0_77.53,grid,2024-04-09,13.001913362987164,77.52635384639399,0.09914193,Low,0.6,0.9,0.5,0.23,2024-04-09
GRID_12.94_77.63,grid,2024-04-09,12.937992745867538,77.62728167837248,0.05462885,Low,0.6,0.2,0.1,0.04,2024-04-09
GRID_12.97_77.57,grid,2024-04-09,12.969471065263157,77.56849376842105,0.12008417,Low,0.6,0.8,0.5,0.21,2024-04-09
GRID_12.88_77.55,grid,2024-04-09,12.880947071029567,77.54711268099598,0.14314231,Low,0.6,0.7,0.4,0.17,2024-04-09
GRID_13.07_77.53,grid,2024-04-09,13.068515409523808,77.53032900238095,0.11093125,Low,0.6,0.4,0.2,0.1,2024-04-09
GRID_13.01_77.61,grid,2024-04-09,13.007798290909092,77.61301748636363,0.12286859,Low,0.5,0.5,0.3,0.13,2024-04-09
GRID_13.02_77.71,grid,2024-04-09,13.018578273076923,77.7087775923077,0.12894656,Low,0.5,0.8,0.5,0.19,2024-04-09
GRID_12.98_77.72,grid,2024-04-09,12.979981587891965,77.72068423311185,0.14943354,Low,0.5,1.0,0.6,0.25,2024-04-09
GRID_12.98_77.75,grid,2024-04-09,12.981498013761467,77.75162563486238,0.046899125,Low,0.5,0.3,0.2,0.07,2024-04-09
GRID_12.9_77.59,grid,2024-04-09,12.900358155140188,77.5893464046729,0.060583707,Low,0.5,0.3,0.2,0.07,2024-04-09
GRID_12.95_77.52,grid,2024-04-09,12.950401447580646,77.52206556209678,0.02713116,Low,0.5,0.2,0.1,0.04,2024-04-09
GRID_13.0_77.63,grid,2024-04-09,13.000737005710198,77.62897579377871,0.04464721,Low,0.5,0.2,0.1,0.05,2024-04-09
GRID_13.0_77.72,grid,2024-04-09,13.003173195918366,77.72269496734694,0.041786384,Low,0.5,0.2,0.1,0.06,2024-04-09
GRID_12.96_77.66,grid,2024-04-09,12.959214505632593,77.65791445940911,0.064771794,Low,0.5,0.4,0.2,0.09,2024-04-09
GRID_13.06_77.65,grid,2024-04-09,13.060710087333334,77.65106934933334,0.10646607,Low,0.5,0.4,0.3,0.11,2024-04-09
GRID_13.01_77.68,grid,2024-04-09,13.00520889633658,77.68482692610088,0.036703464,Low,0.5,0.1,0.1,0.04,2024-04-09
GRID_13.01_77.59,grid,2024-04-09,13.007395955932203,77.59271883305084,0.09164847,Low,0.5,0.4,0.2,0.1,2024-04-09
GRID_13.01_77.76,grid,2024-04-09,13.008644508849557,77.75834295398231,0.07183364,Low,0.5,0.3,0.2,0.07,2024-04-09
GRID_13.14_77.62,grid,2024-04-09,13.14355344074074,77.61783713055556,0.07205976,Low,0.5,0.3,0.2,0.07,2024-04-09
GRID_13.0_77.49,grid,2024-04-09,12.999629016326532,77.48872178979592,0.10282724,Low,0.4,0.4,0.2,0.09,2024-04-09
GRID_13.0_77.59,grid,2024-04-09,13.002020390410959,77.59332524931507,0.0667387,Low,0.4,0.3,0.2,0.07,2024-04-09
GRID_13.05_77.54,grid,2024-04-09,13.049494390625,77.5410648953125,0.07930971,Low,0.4,0.4,0.2,0.09,2024-04-09
GRID_13.06_77.47,grid,2024-04-09,13.058073459210528,77.46919384736843,0.08697835,Low,0.4,0.5,0.3,0.12,2024-04-09
GRID_12.87_77.59,grid,2024-04-09,12.872460873251098,77.59402855699064,0.08147544,Low,0.4,0.2,0.1,0.05,2024-04-09
GRID_12.99_77.75,grid,2024-04-09,12.985792170526317,77.74597179999999,0.014965814,Low,0.4,0.1,0.1,0.02,2024-04-09
GRID_13.04_77.63,grid,2024-04-09,13.037026408015038,77.62563403320988,0.04158821,Low,0.4,0.3,0.2,0.07,2024-04-09
GRID_13.03_77.53,grid,2024-04-09,13.032325064257027,77.53337058072289,0.061620492,Low,0.4,0.3,0.2,0.07,2024-04-09
GRID_12.97_77.75,grid,2024-04-09,12.968337573910526,77.74968541019369,0.04460412,Low,0.4,0.3,0.2,0.08,2024-04-09
GRID_12.97_77.6,grid,2024-04-09,12.973189979999999,77.601952114,0.01652663,Low,0.4,0.1,0.0,0.02,2024-04-09
GRID_12.91_77.48,grid,2024-04-09,12.912544038623901,77.48114923643759,0.053126074,Low,0.4,0.3,0.2,0.08,2024-04-09
GRID_12.89_77.6,grid,2024-04-09,12.893183061261261,77.59869527927927,0.03968016,Low,0.4,0.2,0.1,0.04,2024-04-09
GRID_12.9_77.7,grid,2024-04-09,12.903801095017636,77.70387653128162,0.018863572,Low,0.4,0.1,0.0,0.02,2024-04-09
GRID_12.85_77.66,grid,2024-04-09,12.85253908235294,77.6603247,0.013806851,Low,0.4,0.0,0.0,0.01,2024-04-09
GRID_12.98_77.53,grid,2024-04-09,12.982531767311004,77.52925576414667,0.061445896,Low,0.4,0.2,0.1,0.05,2024-04-09
GRID_12.86_77.66,grid,2024-04-09,12.85644436229508,77.66363117540983,0.086697794,Low,0.4,0.7,0.4,0.17,2024-04-09
GRID_13.12_77.62,grid,2024-04-09,13.121431866666667,77.61987350208334,0.029691795,Low,0.4,0.1,0.1,0.04,2024-04-09
GRID_12.89_77.57,grid,2024-04-09,12.891719222222223,77.5690676030303,0.04855058,Low,0.4,0.2,0.1,0.05,2024-04-09
GRID_12.9_77.72,grid,2024-04-09,12.896655932666667,77.720044262,0.03850382,Low,0.4,0.1,0.1,0.03,2024-04-09
GRID_12.91_77.65,grid,2024-04-09,12.911931490825689,77.6506821880734,0.016172731,Low,0.4,0.1,0.0,0.01,2024-04-09
GRID_12.98_77.73,grid,2024-04-09,12.980977414285714,77.72829827142857,0.119919024,Low,0.4,0.5,0.3,0.13,2024-04-09
GRID_13.01_77.63,grid,2024-04-09,13.013028208450704,77.62644398591549,0.025551306,Low,0.3,0.1,0.1,0.03,2024-04-09
GRID_13.02_77.65,grid,2024-04-09,13.020300823421186,77.65060499736974,0.06934488,Low,0.3,0.3,0.2,0.07,2024-04-09
GRID_12.91_77.6,grid,2024-04-09,12.913470892207792,77.60414625974026,0.010154435,Low,0.3,0.0,0.0,0.01,2024-04-09
GRID_12.91_77.54,grid,2024-04-09,12.906078649073521,77.54214782560605,0.05448427,Low,0.3,0.2,0.1,0.06,2024-04-09
GRID_13.02_77.76,grid,2024-04-09,13.017543578378378,77.76195655675676,0.08018021,Low,0.3,0.4,0.2,0.09,2024-04-09
GRID_13.04_77.58,grid,2024-04-09,13.038717738888888,77.57775560185185,0.062020347,Low,0.3,0.2,0.1,0.05,2024-04-09
GRID_13.02_77.66,grid,2024-04-09,13.021367052351103,77.65715162208807,0.0352399,Low,0.3,0.1,0.1,0.03,2024-04-09
GRID_12.99_77.69,grid,2024-04-09,12.989920683976582,77.68945407124016,0.03713783,Low,0.3,0.1,0.1,0.03,2024-04-09
GRID_12.99_77.58,grid,2024-04-09,12.991047903225807,77.5759977935484,0.042643283,Low,0.3,0.1,0.1,0.04,2024-04-09
GRID_12.99_77.51,grid,2024-04-09,12.989304339560439,77.50771355824176,0.032101046,Low,0.3,0.1,0.1,0.03,2024-04-09
GRID_13.04_77.61,grid,2024-04-09,13.041515908108108,77.61341035405405,0.069907986,Low,0.3,0.3,0.2,0.08,2024-04-09
GRID_13.04_77.74,grid,2024-04-09,13.035901494117647,77.73579886862746,0.052246198,Low,0.3,0.3,0.2,0.08,2024-04-09
GRID_12.86_77.59,grid,2024-04-09,12.85751681506402,77.58907648095652,0.059095096,Low,0.3,0.3,0.2,0.07,2024-04-09
GRID_12.99_77.48,grid,2024-04-09,12.985924990721106,77.47878629070175,0.057370976,Low,0.3,0.3,0.2,0.07,2024-04-09
GRID_12.98_77.52,grid,2024-04-09,12.980039327117703,77.51933700320447,0.07949027,Low,0.3,0.4,0.2,0.1,2024-04-09
GRID_12.95_77.65,grid,2024-04-09,12.95255452777265,77.65252573619748,0.083182745,Low,0.3,0.4,0.3,0.11,2024-04-09
GRID_12.95_77.64,grid,2024-04-09,12.952770232,77.64053763800001,0.058525328,Low,0.3,0.3,0.2,0.07,2024-04-09
GRID_13.0_77.66,grid,2024-04-09,13.003420825373135,77.66231537313433,0.026933467,Low,0.3,0.1,0.0,0.02,2024-04-09
GRID_13.05_77.76,grid,2024-04-09,13.054034537878788,77.7624305060606,0.036167454,Low,0.3,0.2,0.1,0.05,2024-04-09
GRID_12.96_77.75,grid,2024-04-09,12.959525433333333,77.74684969500001,0.032764915,Low,0.3,0.2,0.1,0.04,2024-04-09
GRID_12.96_77.64,grid,2024-04-09,12.957854684285714,77.64360748714284,0.032785922,Low,0.3,0.2,0.1,0.04,2024-04-09
GRID_13.06_77.51,grid,2024-04-09,13.056640643055555,77.50733909166667,0.055014938,Low,0.3,0.2,0.1,0.06,2024-04-09
GRID_12.95_77.6,grid,2024-04-09,12.950705005882353,77.59802496764706,0.06552222,Low,0.3,0.2,0.1,0.05,2024-04-09
GRID_12.94_77.53,grid,2024-04-09,12.938722853333333,77.531984556,0.068040356,Low,0.3,0.3,0.2,0.08,2024-04-09
GRID_12.93_77.52,grid,2024-04-09,12.931481857963549,77.5158112656917,0.01749649,Low,0.3,0.1,0.1,0.03,2024-04-09
GRID_13.0_77.76,grid,2024-04-09,13.003076726527182,77.75711186573155,0.051925585,Low,0.3,0.2,0.1,0.06,2024-04-09
GRID_12.88_77.67,grid,2024-04-09,12.87619305,77.671188978125,0.03814894,Low,0.3,0.2,0.1,0.05,2024-04-09
GRID_12.94_77.58,grid,2024-04-09,12.938952723333333,77.58487523666666,0.06966485,Low,0.3,0.2,0.1,0.05,2024-04-09
GRID_12.94_77.54,grid,2024-04-09,12.9359428,77.53664115813953,0.045449916,Low,0.3,0.1,0.1,0.03,2024-04-09
GRID_13.08_77.55,grid,2024-04-09,13.081772723452255,77.54838813573978,0.078263834,Low,0.3,0.4,0.2,0.1,2024-04-09
GRID_13.08_77.56,grid,2024-04-09,13.079626118518517,77.5591943851852,0.08057473,Low,0.3,0.2,0.1,0.06,2024-04-09
GRID_13.08_77.64,grid,2024-04-09,13.083567150847458,77.63748976440678,0.022804134,Low,0.3,0.1,0.1,0.02,2024-04-09
GRID_12.91_77.49,grid,2024-04-09,12.913707493475702,77.48642554406227,0.07009076,Low,0.3,1.2,0.7,0.31,2024-04-09
GRID_12.89_77.66,grid,2024-04-09,12.894190167948661,77.65717693096653,0.059037965,Low,0.3,0.3,0.2,0.06,2024-04-09
GRID_12.94_77.49,grid,2024-04-09,12.938884714666667,77.49299570533333,0.012358719,Low,0.3,0.0,0.0,0.01,2024-04-09
GRID_13.2_77.7,grid,2024-04-09,13.197684744827585,77.7036875724138,0.07962475,Low,0.3,0.3,0.2,0.09,2024-04-09
GRID_13.2_77.71,grid,2024-04-09,13.197340155172414,77.70729611724137,0.062392283,Low,0.3,0.3,0.2,0.07,2024-04-09
GRID_13.15_77.62,grid,2024-04-09,13.14958193125,77.6191705125,0.09106773,Low,0.3,1.0,0.6,0.25,2024-04-09
GRID_12.94_77.56,grid,2024-04-09,12.939965647566185,77.56059371230603,0.013697439,Low,0.2,0.0,0.0,0.01,2024-04-09
GRID_12.95_77.53,grid,2024-04-09,12.947976430303031,77.53362878939394,0.020632299,Low,0.2,0.1,0.1,0.03,2024-04-09
GRID_12.9_77.6,grid,2024-04-09,12.895282174074074,77.59923052839507,0.033251844,Low,0.2,0.1,0.1,0.02,2024-04-09
GRID_13.24_77.71,grid,2024-04-09,13.244505620408162,77.71327729387755,0.022832945,Low,0.2,0.1,0.1,0.03,2024-04-09
GRID_12.9_77.66,grid,2024-04-09,12.900134571794872,77.65976601538462,0.036647122,Low,0.2,0.1,0.1,0.03,2024-04-09
GRID_13.2_77.68,grid,2024-04-09,13.19948992,77.67934608,0.021207504,Low,0.2,0.1,0.1,0.03,2024-04-09
GRID_13.1_77.57,grid,2024-04-09,13.098220407017543,77.57027073859649,0.011945346,Low,0.2,0.0,0.0,0.01,2024-04-09
GRID_12.91_77.53,grid,2024-04-09,12.90775891669538,77.53299172373735,0.029826993,Low,0.2,0.1,0.1,0.03,2024-04-09
GRID_12.81_77.7,grid,2024-04-09,12.806186907142857,77.69885753571428,0.030220049,Low,0.2,0.2,0.1,0.06,2024-04-09
GRID_13.01_77.51,grid,2024-04-09,13.010730074000001,77.506390124,0.0321513,Low,0.2,0.2,0.1,0.05,2024-04-09
GRID_13.01_77.64,grid,2024-04-09,13.00944950952381,77.63830821904762,0.038403988,Low,0.2,0.1,0.1,0.03,2024-04-09
GRID_13.02_77.62,grid,2024-04-09,13.019522700000001,77.618651275,0.061848484,Low,0.2,0.3,0.2,0.08,2024-04-09
GRID_12.99_77.76,grid,2024-04-09,12.993733561904762,77.75734433809524,0.032445226,Low,0.2,0.2,0.1,0.06,2024-04-09
GRID_12.86_77.53,grid,2024-04-09,12.861918386153846,77.53000424307692,0.010785517,Low,0.2,0.0,0.0,0.01,2024-04-09
GRID_12.85_77.59,grid,2024-04-09,12.852023308333335,77.58834785833334,0.03252051,Low,0.2,0.2,0.1,0.04,2024-04-09
GRID_13.03_77.52,grid,2024-04-09,13.026897111111111,77.51933145294117,0.041635387,Low,0.2,0.2,0.1,0.06,2024-04-09
GRID_13.01_77.49,grid,2024-04-09,13.014025631666668,77.49201588666666,0.013683489,Low,0.2,0.1,0.0,0.01,2024-04-09
GRID_12.92_77.5,grid,2024-04-09,12.918121676470589,77.49975779019607,0.011942949,Low,0.2,0.0,0.0,0.01,2024-04-09
GRID_12.92_77.61,grid,2024-04-09,12.922605736666666,77.60966229333333,0.025421327,Low,0.2,0.3,0.2,0.07,2024-04-09
GRID_13.03_77.72,grid,2024-04-09,13.026486195454545,77.72048106136364,0.025048092,Low,0.2,0.1,0.1,0.03,2024-04-09
GRID_12.92_77.63,grid,2024-04-09,12.92004566369854,77.6312558726217,0.025763186,Low,0.2,0.1,0.1,0.03,2024-04-09
GRID_12.88_77.75,grid,2024-04-09,12.883512000851775,77.7522734243868,0.02301897,Low,0.2,0.2,0.1,0.04,2024-04-09
GRID_12.95_77.62,grid,2024-04-09,12.950391864705884,77.6203928372549,0.03431976,Low,0.2,0.1,0.1,0.03,2024-04-09
GRID_12.97_77.56,grid,2024-04-09,12.969078136880748,77.55921288890592,0.02299395,Low,0.2,0.1,0.1,0.02,2024-04-09
GRID_13.05_77.63,grid,2024-04-09,13.047977615957446,77.62877304574468,0.025275068,Low,0.2,0.1,0.0,0.02,2024-04-09
GRID_13.06_77.46,grid,2024-04-09,13.060770322857143,77.46126350571429,0.027049135,Low,0.2,0.1,0.1,0.02,2024-04-09
GRID_12.98_77.51,grid,2024-04-09,12.978851978378378,77.51103640810811,0.02708393,Low,0.2,0.2,0.1,0.05,2024-04-09
GRID_13.05_77.52,grid,2024-04-09,13.04668846497608,77.52143765378706,0.015818352,Low,0.2,0.1,0.0,0.02,2024-04-09
GRID_13.06_77.53,grid,2024-04-09,13.055597753658537,77.53457118780487,0.025268562,Low,0.2,0.1,0.1,0.02,2024-04-09
GRID_12.92_77.69,grid,2024-04-09,12.923178763043477,77.69307462826087,0.015256942,Low,0.2,0.1,0.1,0.02,2024-04-09
GRID_13.07_77.58,grid,2024-04-09,13.068148129545454,77.58147164772727,0.037176542,Low,0.2,0.2,0.1,0.04,2024-04-09
GRID_12.97_77.54,grid,2024-04-09,12.96688442253521,77.54329603943663,0.0074831173,Low,0.2,0.0,0.0,0.0,2024-04-09
GRID_12.96_77.74,grid,2024-04-09,12.95693324137931,77.74018281379311,0.037482176,Low,0.2,0.2,0.1,0.05,2024-04-09
GRID_12.88_77.54,grid,2024-04-09,12.876397178408666,77.54386937380542,0.032163147,Low,0.2,0.2,0.1,0.04,2024-04-09
GRID_12.95_77.54,grid,2024-04-09,12.948924743243243,77.53627235135134,0.037074007,Low,0.2,0.2,0.1,0.06,2024-04-09
GRID_12.95_77.69,grid,2024-04-09,12.950920030555556,77.68925422222223,0.02156748,Low,0.2,0.1,0.1,0.03,2024-04-09
GRID_13.0_77.71,grid,2024-04-09,13.00442156304348,77.7109514173913,0.021466559,Low,0.2,0.1,0.0,0.02,2024-04-09
GRID_13.25_77.72,grid,2024-04-09,13.248486729411765,77.71559784117646,0.04606568,Low,0.2,0.2,0.1,0.04,2024-04-09
GRID_12.88_77.62,grid,2024-04-09,12.876063910869567,77.61686252826087,0.006445629,Low,0.2,0.0,0.0,0.01,2024-04-09
GRID_13.09_77.58,grid,2024-04-09,13.094232646153845,77.5812000076923,0.044536162,Low,0.2,0.1,0.1,0.03,2024-04-09
GRID_12.93_77.59,grid,2024-04-09,12.930219643283582,77.59222739552239,0.03709572,Low,0.2,0.1,0.1,0.02,2024-04-09
GRID_13.11_77.6,grid,2024-04-09,13.107983380952382,77.60266978333333,0.01715515,Low,0.2,0.1,0.0,0.02,2024-04-09
GRID_12.91_77.51,grid,2024-04-09,12.910702030769231,77.51349003076923,0.0065937177,Low,0.1,0.0,0.0,0.01,2024-04-09
GRID_13.19_77.69,grid,2024-04-09,13.194750225,77.69061565,0.019691829,Low,0.1,0.1,0.1,0.02,2024-04-09
GRID_13.19_77.64,grid,2024-04-09,13.188208571428572,77.64311277142858,0.005477813,Low,0.1,0.0,0.0,0.01,2024-04-09
GRID_13.0_77.52,grid,2024-04-09,12.998770103333333,77.52398221333333,0.014631934,Low,0.1,0.1,0.1,0.03,2024-04-09
GRID_13.19_77.7,grid,2024-04-09,13.194268742857144,77.69883155000001,0.028579554,Low,0.1,0.1,0.1,0.03,2024-04-09
GRID_12.89_77.74,grid,2024-04-09,12.887301800470926,77.7384566051744,0.022679351,Low,0.1,0.2,0.1,0.05,2024-04-09
GRID_12.89_77.67,grid,2024-04-09,12.889964105857048,77.66990483920546,0.02325925,Low,0.1,0.2,0.1,0.04,2024-04-09
GRID_13.11_77.58,grid,2024-04-09,13.112243488888888,77.57976052222222,0.014466861,Low,0.1,0.1,0.0,0.02,2024-04-09
GRID_12.89_77.61,grid,2024-04-09,12.89145265,77.6086065,0.023304362,Low,0.1,0.1,0.1,0.03,2024-04-09
GRID_12.89_77.63,grid,2024-04-09,12.892080142857143,77.63138413571428,0.014075636,Low,0.1,0.1,0.0,0.02,2024-04-09
GRID_13.09_77.6,grid,2024-04-09,13.093661038461537,77.5976898076923,0.027952788,Low,0.1,0.1,0.1,0.03,2024-04-09
GRID_12.92_77.74,grid,2024-04-09,12.920789169230769,77.73642416153847,0.0049755787,Low,0.1,0.0,0.0,0.01,2024-04-09
GRID_13.0_77.54,grid,2024-04-09,13.00049922424088,77.53638290196052,0.025034785,Low,0.1,0.1,0.1,0.03,2024-04-09
GRID_13.09_77.64,grid,2024-04-09,13.087477931578947,77.63524517894737,0.01700265,Low,0.1,0.1,0.0,0.01,2024-04-09
GRID_12.93_77.57,grid,2024-04-09,12.929342117647058,77.56758508235295,0.006202447,Low,0.1,0.0,0.0,0.0,2024-04-09
GRID_13.09_77.49,grid,2024-04-09,13.085736966666667,77.48699253809524,0.0139972465,Low,0.1,0.0,0.0,0.01,2024-04-09
GRID_12.94_77.71,grid,2024-04-09,12.936081300000001,77.70579434999999,0.0108508235,Low,0.1,0.1,0.0,0.02,2024-04-09
GRID_12.95_77.5,grid,2024-04-09,12.948410844710398,77.49775182757743,0.015557146,Low,0.1,0.1,0.0,0.01,2024-04-09
GRID_13.08_77.5,grid,2024-04-09,13.080265966666667,77.50247728333333,0.02081807,Low,0.1,0.1,0.1,0.04,2024-04-09
GRID_13.08_77.63,grid,2024-04-09,13.081912705555556,77.63434393888889,0.006134336,Low,0.1,0.0,0.0,0.01,2024-04-09
GRID_12.95_77.49,grid,2024-04-09,12.947569285714286,77.48842769285714,0.0071725072,Low,0.1,0.0,0.0,0.01,2024-04-09
GRID_12.94_77.61,grid,2024-04-09,12.940250714285714,77.61134672142857,0.025884753,Low,0.1,0.1,0.1,0.04,2024-04-09
GRID_12.94_77.55,grid,2024-04-09,12.94005902,77.55048685714286,0.0075345724,Low,0.1,0.0,0.0,0.01,2024-04-09
GRID_12.86_77.67,grid,2024-04-09,12.857247927272727,77.66869594545454,0.0058486923,Low,0.1,0.0,0.0,0.01,2024-04-09
GRID_13.05_77.62,grid,2024-04-09,13.05278066,77.62071459,0.00844663,Low,0.1,0.0,0.0,0.01,2024-04-09
GRID_13.05_77.65,grid,2024-04-09,13.05201485625,77.6460451,0.008927236,Low,0.1,0.0,0.0,0.01,2024-04-09
GRID_12.87_77.53,grid,2024-04-09,12.866388935714285,77.53445340714286,0.025494551,Low,0.1,0.1,0.1,0.03,2024-04-09
GRID_13.06_77.57,grid,2024-04-09,13.063651941666668,77.57210118333333,0.034219302,Low,0.1,0.2,0.1,0.04,2024-04-09
GRID_12.96_77.69,grid,2024-04-09,12.95581501585198,77.69259211574789,0.008145956,Low,0.1,0.0,0.0,0.01,2024-04-09
GRID_12.92_77.7,grid,2024-04-09,12.916825486956522,77.69813424782609,0.01890607,Low,0.1,0.1,0.0,0.02,2024-04-09
GRID_12.92_77.68,grid,2024-04-09,12.923370205882353,77.67607191764706,0.0071120053,Low,0.1,0.0,0.0,0.01,2024-04-09
GRID_12.88_77.61,grid,2024-04-09,12.8801837,77.61058101904761,0.0026621143,Low,0.1,0.0,0.0,0.0,2024-04-09
GRID_12.93_77.51,grid,2024-04-09,12.932196991771278,77.51270247897801,0.0043010754,Low,0.1,0.0,0.0,0.01,2024-04-09
GRID_13.07_77.5,grid,2024-04-09,13.070675085714285,77.50353015714286,0.0037978238,Low,0.1,0.0,0.0,0.0,2024-04-09
GRID_12.96_77.6,grid,2024-04-09,12.964484370000001,77.60435016,0.016525581,Low,0.1,0.1,0.1,0.03,2024-04-09
GRID_12.95_77.74,grid,2024-04-09,12.953994269230769,77.74444046153846,0.0071713105,Low,0.1,0.0,0.0,0.01,2024-04-09
GRID_12.96_77.5,grid,2024-04-09,12.961529289999998,77.503215895,0.0037393363,Low,0.1,0.0,0.0,0.0,2024-04-09
GRID_12.95_77.56,grid,2024-04-09,12.947954115789473,77.56057449473684,0.0067383195,Low,0.1,0.0,0.0,0.01,2024-04-09
GRID_12.97_77.5,grid,2024-04-09,12.969020283333334,77.4992535125,0.008353631,Low,0.1,0.0,0.0,0.01,2024-04-09
GRID_12.92_77.66,grid,2024-04-09,12.92166226140624,77.66189590433258,0.006777404,Low,0.1,0.0,0.0,0.01,2024-04-09
GRID_13.07_77.45,grid,2024-04-09,13.067810025,77.44944453,0.013146927,Low,0.1,0.1,0.0,0.02,2024-04-09
GRID_13.06_77.76,grid,2024-04-09,13.055179623999999,77.764519272,0.008000835,Low,0.1,0.0,0.0,0.0,2024-04-09
GRID_13.07_77.57,grid,2024-04-09,13.067859961111111,77.57079690555555,0.005422787,Low,0.1,0.0,0.0,0.01,2024-04-09
GRID_12.98_77.68,grid,2024-04-09,12.983322804,77.67988701600001,0.012269994,Low,0.1,0.1,0.0,0.02,2024-04-09
GRID_12.98_77.77,grid,2024-04-09,12.9834622125,77.768348675,0.007416451,Low,0.1,0.0,0.0,0.01,2024-04-09
GRID_12.87_77.57,grid,2024-04-09,12.872336268181819,77.56720350454545,0.014428488,Low,0.1,0.1,0.0,0.02,2024-04-09
GRID_12.99_77.47,grid,2024-04-09,12.988482504761905,77.47298836190477,0.0056432737,Low,0.1,0.0,0.0,0.01,2024-04-09
GRID_12.99_77.49,grid,2024-04-09,12.986475319354838,77.48864053548387,0.0090655545,Low,0.1,0.0,0.0,0.01,2024-04-09
GRID_12.84_77.66,grid,2024-04-09,12.840699553333334,77.66263480666666,0.0047305627,Low,0.1,0.0,0.0,0.0,2024-04-09
GRID_12.98_77.54,grid,2024-04-09,12.980938809804538,77.536348825219,0.008168681,Low,0.1,0.1,0.0,0.01,2024-04-09
GRID_12.92_77.54,grid,2024-04-09,12.919249804255818,77.54210911181084,0.0069184457,Low,0.1,0.1,0.0,0.01,2024-04-09
GRID_13.04_77.55,grid,2024-04-09,13.043196590909092,77.55225407727272,0.010633772,Low,0.1,0.1,0.0,0.01,2024-04-09
GRID_13.04_77.56,grid,2024-04-09,13.039630500000001,77.55911337647059,0.005220427,Low,0.1,0.0,0.0,0.01,2024-04-09
GRID_12.98_77.57,grid,2024-04-09,12.983670052173913,77.56788374347826,0.020980148,Low,0.1,0.1,0.1,0.02,2024-04-09
GRID_12.92_77.62,grid,2024-04-09,12.916724504,77.623502632,0.02532225,Low,0.1,0.1,0.1,0.03,2024-04-09
GRID_13.03_77.55,grid,2024-04-09,13.028812605263157,77.54985778421053,0.0066955327,Low,0.1,0.0,0.0,0.01,2024-04-09
GRID_13.03_77.66,grid,2024-04-09,13.02816183685021,77.66302306450518,0.010550642,Low,0.1,0.0,0.0,0.01,2024-04-09
GRID_13.03_77.64,grid,2024-04-09,13.030843645454546,77.63760115000001,0.016149411,Low,0.1,0.1,0.0,0.02,2024-04-09
GRID_13.03_77.61,grid,2024-04-09,13.027443466666668,77.61051436666666,0.030493129,Low,0.1,0.1,0.1,0.03,2024-04-09
GRID_12.99_77.63,grid,2024-04-09,12.99430303573944,77.62801216353793,0.015270917,Low,0.1,0.1,0.0,0.02,2024-04-09
GRID_12.99_77.53,grid,2024-04-09,12.9858642705736,77.52702822414396,0.00767161,Low,0.1,0.0,0.0,0.01,2024-04-09
GRID_13.04_77.54,grid,2024-04-09,13.037680607692307,77.53550968076924,0.011505078,Low,0.1,0.0,0.0,0.01,2024-04-09
GRID_13.03_77.73,grid,2024-04-09,13.03442435862069,77.73378337931034,0.011387736,Low,0.1,0.0,0.0,0.01,2024-04-09
GRID_12.92_77.52,grid,2024-04-09,12.918550291666667,77.519967225,0.008131721,Low,0.1,0.0,0.0,0.01,2024-04-09
GRID_12.92_77.59,grid,2024-04-09,12.921751193333334,77.58583610000001,0.003088597,Low,0.1,0.0,0.0,0.0,2024-04-09
GRID_12.92_77.57,grid,2024-04-09,12.917744450072549,77.57044981876665,0.021866105,Low,0.1,0.1,0.1,0.03,2024-04-09
GRID_12.9_77.62,grid,2024-04-09,12.901462135161262,77.62296443839071,0.00486601,Low,0.1,0.0,0.0,0.01,2024-04-09
GRID_13.02_77.68,grid,2024-04-09,13.021293980600309,77.678451684,0.012432122,Low,0.1,0.1,0.0,0.02,2024-04-09
GRID_13.02_77.7,grid,2024-04-09,13.019017966666667,77.70327020606061,0.010604035,Low,0.1,0.1,0.0,0.01,2024-04-09
GRID_13.03_77.51,grid,2024-04-09,13.02768305625,77.51170503541667,0.030548671,Low,0.1,0.2,0.1,0.04,2024-04-09
GRID_13.01_77.65,grid,2024-04-09,13.012424333333334,77.64761071111111,0.021552337,Low,0.1,0.1,0.1,0.02,2024-04-09
GRID_13.01_77.48,grid,2024-04-09,13.008380247368422,77.48426412105263,0.010823276,Low,0.1,0.0,0.0,0.01,2024-04-09
GRID_12.9_77.71,grid,2024-04-09,12.901306787096773,77.70898097419355,0.0034395216,Low,0.1,0.0,0.0,0.0,2024-04-09
GRID_13.01_77.6,grid,2024-04-09,13.010869284210527,77.59516337894738,0.010823276,Low,0.1,0.0,0.0,0.01,2024-04-09
GRID_13.01_77.5,grid,2024-04-09,13.012190075,77.50482872500001,0.019691829,Low,0.1,0.1,0.1,0.03,2024-04-09
GRID_12.9_77.61,grid,2024-04-09,12.898062058823529,77.60645880588235,0.013668783,Low,0.1,0.1,0.1,0.02,2024-04-09
GRID_12.9_77.57,grid,2024-04-09,12.897539490123751,77.5711119340369,0.012961587,Low,0.1,0.1,0.0,0.02,2024-04-09
GRID_12.9_77.51,grid,2024-04-09,12.904153025,77.51204185,0.02925437,Low,0.1,0.2,0.1,0.05,2024-04-09
GRID_12.91_77.67,grid,2024-04-09,12.913819388,77.66657518400001,0.0040787896,Low,0.1,0.0,0.0,0.0,2024-04-09
GRID_13.2_77.69,grid,2024-04-09,13.19841726,77.68934537999999,0.013347441,Low,0.1,0.1,0.0,0.01,2024-04-09
GRID_13.02_77.6,grid,2024-04-09,13.02159761923077,77.59920213461538,0.008900446,Low,0.1,0.0,0.0,0.01,2024-04-09
GRID_13.01_77.66,grid,2024-04-09,13.009927829212549,77.65953765664041,0.009743508,Low,0.1,0.0,0.0,0.01,2024-04-09
GRID_13.16_77.6,grid,2024-04-09,13.160785872727272,77.59562729999999,0.026328424,Low,0.1,0.1,0.1,0.03,2024-04-09
GRID_13.12_77.58,grid,2024-04-09,13.116791714285714,77.57797484642857,0.011145596,Low,0.1,0.0,0.0,0.01,2024-04-09
GRID_12.83_77.68,grid,2024-04-09,12.827809036666668,77.68211430666666,0.0107911965,Low,0.1,0.2,0.1,0.04,2024-04-09
GRID_13.16_77.63,grid,2024-04-09,13.161317013043478,77.62658301304349,0.023460148,Low,0.1,0.1,0.1,0.02,2024-04-09
GRID_13.18_77.64,grid,2024-04-09,13.175973731578948,77.63583603157895,0.0047142683,Low,0.1,0.0,0.0,0.01,2024-04-09
GRID_13.1_77.56,grid,2024-04-09,13.097715485714286,77.56373505714285,0.0022062,Low,0.0,0.0,0.0,0.0,2024-04-09
GRID_13.1_77.61,grid,2024-04-09,13.104051049999999,77.61421225000001,0.000912477,Low,0.0,0.0,0.0,0.0,2024-04-09
GRID_13.1_77.63,grid,2024-04-09,13.101616633333334,77.6316221,0.0019128884,Low,0.0,0.0,0.0,0.0,2024-04-09
GRID_13.23_77.69,grid,2024-04-09,13.2302231,77.6933171,1.2213901e-05,Low,0.0,0.0,0.0,0.0,2024-04-09
GRID_13.24_77.7,grid,2024-04-09,13.2421686,77.70413555,0.0015776807,Low,0.0,0.0,0.0,0.0,2024-04-09
GRID_12.89_77.58,grid,2024-04-09,12.891418849999999,77.58104022,0.0050620316,Low,0.0,0.0,0.0,0.01,2024-04-09
GRID_13.16_77.64,grid,2024-04-09,13.1628009,77.6448425,0.0075318567,Low,0.0,0.0,0.0,0.01,2024-04-09
GRID_13.17_77.73,grid,2024-04-09,13.174255,77.7282783,0.00045705418,Low,0.0,0.0,0.0,0.0,2024-04-09
GRID_13.18_77.7,grid,2024-04-09,13.1820686,77.6958299,0.0030826542,Low,0.0,0.0,0.0,0.0,2024-04-09
GRID_13.11_77.63,grid,2024-04-09,13.1144957,77.6341878,0.00033416977,Low,0.0,0.0,0.0,0.0,2024-04-09
GRID_12.81_77.69,grid,2024-04-09,12.811375666666668,77.69438576666666,0.0020497944,Low,0.0,0.0,0.0,0.0,2024-04-09
GRID_12.82_77.68,grid,2024-04-09,12.824635366666667,77.68403943333334,0.0017924206,Low,0.0,0.0,0.0,0.01,2024-04-09
GRID_12.84_77.59,grid,2024-04-09,12.844480449999999,77.58816885,6.573779e-06,Low,0.0,0.0,0.0,0.0,2024-04-09
GRID_13.13_77.57,grid,2024-04-09,13.1302696,77.5717626,0.00011367905,Low,0.0,0.0,0.0,0.0,2024-04-09
GRID_12.91_77.56,grid,2024-04-09,12.910777115882354,77.55888981470588,0.003468689,Low,0.0,0.0,0.0,0.0,2024-04-09
GRID_12.91_77.59,grid,2024-04-09,12.909033619999999,77.59034285999999,0.0019649193,Low,0.0,0.0,0.0,0.0,2024-04-09
GRID_12.91_77.62,grid,2024-04-09,12.913419659999999,77.6244946,6.612606e-06,Low,0.0,0.0,0.0,0.0,2024-04-09
GRID_12.91_77.66,grid,2024-04-09,12.9099629,77.6641712,0.0007706518,Low,0.0,0.0,0.0,0.0,2024-04-09
GRID_12.92_77.47,grid,2024-04-09,12.9234668,77.4728372,7.831118e-06,Low,0.0,0.0,0.0,0.0,2024-04-09
GRID_12.92_77.48,grid,2024-04-09,12.917588814285713,77.48252651428571,0.005259816,Low,0.0,0.0,0.0,0.0,2024-04-09
GRID_12.92_77.49,grid,2024-04-09,12.922902336363636,77.48772934545455,0.0021045816,Low,0.0,0.0,0.0,0.0,2024-04-09
GRID_13.01_77.67,grid,2024-04-09,13.011927466666668,77.66839083333333,0.0012681598,Low,0.0,0.0,0.0,0.0,2024-04-09
GRID_13.01_77.71,grid,2024-04-09,13.007659799999999,77.7111318,0.004326945,Low,0.0,0.0,0.0,0.01,2024-04-09
GRID_13.01_77.75,grid,2024-04-09,13.0060866625,77.7514058375,7.4284094e-06,Low,0.0,0.0,0.0,0.0,2024-04-09
GRID_13.02_77.48,grid,2024-04-09,13.0154999,77.4846445,0.0015776807,Low,0.0,0.0,0.0,0.0,2024-04-09
GRID_13.02_77.49,grid,2024-04-09,13.0152174,77.4870229,0.0012681598,Low,0.0,0.0,0.0,0.0,2024-04-09
GRID_13.02_77.51,grid,2024-04-09,13.0230362,77.51124490000001,0.000912477,Low,0.0,0.0,0.0,0.0,2024-04-09
GRID_13.02_77.52,grid,2024-04-09,13.0233811,77.520801725,0.00408141,Low,0.0,0.0,0.0,0.01,2024-04-09
GRID_13.02_77.63,grid,2024-04-09,13.023204190909091,77.62982338181818,0.0069743805,Low,0.0,0.0,0.0,0.01,2024-04-09
GRID_12.9_77.69,grid,2024-04-09,12.901421857142859,77.68854287142857,0.0039197607,Low,0.0,0.0,0.0,0.0,2024-04-09
GRID_13.01_77.62,grid,2024-04-09,13.00688680462963,77.62131327037038,0.0033853394,Low,0.0,0.0,0.0,0.0,2024-04-09
GRID_12.9_77.47,grid,2024-04-09,12.9013385,77.46745385,8.330607e-05,Low,0.0,0.0,0.0,0.0,2024-04-09
GRID_12.9_77.52,grid,2024-04-09,12.9026833,77.5190814,0.00045705418,Low,0.0,0.0,0.0,0.0,2024-04-09
GRID_12.9_77.53,grid,2024-04-09,12.9042772,77.53124349999999,0.0013763761,Low,0.0,0.0,0.0,0.0,2024-04-09
GRID_12.9_77.54,grid,2024-04-09,12.9017575,77.54437315,0.00011367905,Low,0.0,0.0,0.0,0.0,2024-04-09
GRID_12.9_77.56,grid,2024-04-09,12.89948,77.5587867,0.00045705418,Low,0.0,0.0,0.0,0.0,2024-04-09
GRID_12.9_77.67,grid,2024-04-09,12.899723,77.6748722,0.0012681598,Low,0.0,0.0,0.0,0.0,2024-04-09
GRID_13.02_77.67,grid,2024-04-09,13.019994144444444,77.67446498888889,0.0031058304,Low,0.0,0.0,0.0,0.0,2024-04-09
GRID_13.02_77.69,grid,2024-04-09,13.023319749999999,77.691100175,0.0025195475,Low,0.0,0.0,0.0,0.0,2024-04-09
GRID_13.02_77.72,grid,2024-04-09,13.023857670000002,77.71662518,0.004599743,Low,0.0,0.0,0.0,0.01,2024-04-09
GRID_13.03_77.5,grid,2024-04-09,13.0312747,77.50323167,0.0045193555,Low,0.0,0.0,0.0,0.01,2024-04-09
GRID_12.99_77.54,grid,2024-04-09,12.988750175,77.54290985,0.00451365,Low,0.0,0.0,0.0,0.0,2024-04-09
GRID_12.99_77.55,grid,2024-04-09,12.9897697,77.5456881,7.831118e-06,Low,0.0,0.0,0.0,0.0,2024-04-09
GRID_12.99_77.56,grid,2024-04-09,12.994081200000002,77.5635387,8.371243e-06,Low,0.0,0.0,0.0,0.0,2024-04-09
GRID_12.99_77.64,grid,2024-04-09,12.985673180000001,77.64437422,0.0021242844,Low,0.0,0.0,0.0,0.0,2024-04-09
GRID_12.99_77.67,grid,2024-04-09,12.992104799999998,77.66746061428572,0.0030643903,Low,0.0,0.0,0.0,0.01,2024-04-09
GRID_12.99_77.68,grid,2024-04-09,12.989615559999999,77.68070388,0.0021242844,Low,0.0,0.0,0.0,0.0,2024-04-09
GRID_12.9_77.45,grid,2024-04-09,12.898018099999998,77.4529559,7.4115014e-05,Low,0.0,0.0,0.0,0.0,2024-04-09
GRID_13.03_77.74,grid,2024-04-09,13.0349199,77.7360125,0.0007706518,Low,0.0,0.0,0.0,0.0,2024-04-09
GRID_13.03_77.75,grid,2024-04-09,13.0282733,77.7507203,0.00045705418,Low,0.0,0.0,0.0,0.0,2024-04-09
GRID_13.04_77.5,grid,2024-04-09,13.037112585714286,77.5043846,0.006032626,Low,0.0,0.0,0.0,0.01,2024-04-09
GRID_13.04_77.53,grid,2024-04-09,13.0420851875,77.527544825,0.0064089135,Low,0.0,0.0,0.0,0.01,2024-04-09
GRID_13.04_77.6,grid,2024-04-09,13.0425875,77.60138437142858,0.002665179,Low,0.0,0.0,0.0,0.0,2024-04-09
GRID_13.04_77.64,grid,2024-04-09,13.040014249999999,77.64126715,0.000912477,Low,0.0,0.0,0.0,0.0,2024-04-09
GRID_12.92_77.51,grid,2024-04-09,12.919291077777778,77.51406551111111,0.00016181446,Low,0.0,0.0,0.0,0.0,2024-04-09
GRID_12.92_77.53,grid,2024-04-09,12.9247254,77.5309136,0.00045705418,Low,0.0,0.0,0.0,0.0,2024-04-09
GRID_12.92_77.55,grid,2024-04-09,12.9202312,77.5471374,7.831118e-06,Low,0.0,0.0,0.0,0.0,2024-04-09
GRID_12.92_77.56,grid,2024-04-09,12.918403515384616,77.56433958461538,5.030934e-05,Low,0.0,0.0,0.0,0.0,2024-04-09
GRID_12.92_77.58,grid,2024-04-09,12.9216785,77.5847599,0.00045705418,Low,0.0,0.0,0.0,0.0,2024-04-09
GRID_12.92_77.6,grid,2024-04-09,12.92041855,77.60093495,0.000912477,Low,0.0,0.0,0.0,0.0,2024-04-09
GRID_12.98_77.66,grid,2024-04-09,12.981077484020997,77.65699270314805,0.002187588,Low,0.0,0.0,0.0,0.0,2024-04-09
GRID_12.99_77.45,grid,2024-04-09,12.98863972,77.44879888,6.612606e-06,Low,0.0,0.0,0.0,0.0,2024-04-09
GRID_13.04_77.67,grid,2024-04-09,13.0374375,77.6706057,7.831118e-06,Low,0.0,0.0,0.0,0.0,2024-04-09
GRID_13.04_77.73,grid,2024-04-09,13.035022666666668,77.73448923333333,0.0024321363,Low,0.0,0.0,0.0,0.0,2024-04-09
GRID_12.84_77.67,grid,2024-04-09,12.842729,77.67452865,0.0017392257,Low,0.0,0.0,0.0,0.0,2024-04-09
GRID_12.84_77.69,grid,2024-04-09,12.843188416666665,77.68740343333333,0.0039087376,Low,0.0,0.0,0.0,0.01,2024-04-09
GRID_12.85_77.65,grid,2024-04-09,12.846312950000002,77.64753010000001,0.001439314,Low,0.0,0.0,0.0,0.0,2024-04-09
GRID_12.85_77.67,grid,2024-04-09,12.848432287790077,77.66879392752587,0.0027253327,Low,0.0,0.0,0.0,0.0,2024-04-09
GRID_12.85_77.68,grid,2024-04-09,12.8457393,77.6809993,0.00045705418,Low,0.0,0.0,0.0,0.0,2024-04-09
GRID_12.86_77.61,grid,2024-04-09,12.8614371,77.6134364,0.00045705418,Low,0.0,0.0,0.0,0.0,2024-04-09
GRID_12.86_77.65,grid,2024-04-09,12.85995896,77.64767945999999,0.00027548362,Low,0.0,0.0,0.0,0.0,2024-04-09
GRID_12.87_77.58,grid,2024-04-09,12.870235625,77.5810198,0.0027276443,Low,0.0,0.0,0.0,0.0,2024-04-09
GRID_12.87_77.6,grid,2024-04-09,12.873001949999999,77.59874955000001,0.001439314,Low,0.0,0.0,0.0,0.0,2024-04-09
GRID_12.87_77.62,grid,2024-04-09,12.8744178,77.618489,7.831118e-06,Low,0.0,0.0,0.0,0.0,2024-04-09
GRID_12.87_77.64,grid,2024-04-09,12.873966683333334,77.64270334999999,0.0034769007,Low,0.0,0.0,0.0,0.01,2024-04-09
GRID_12.87_77.67,grid,2024-04-09,12.87487605,77.669410375,0.0032171675,Low,0.0,0.0,0.0,0.01,2024-04-09
GRID_12.88_77.45,grid,2024-04-09,12.87840735,77.4453044,0.0014742714,Low,0.0,0.0,0.0,0.0,2024-04-09
GRID_12.88_77.5,grid,2024-04-09,12.8838377,77.5019219,1.1233981e-05,Low,0.0,0.0,0.0,0.0,2024-04-09
GRID_12.88_77.52,grid,2024-04-09,12.8778133,77.517105,0.00045705418,Low,0.0,0.0,0.0,0.0,2024-04-09
GRID_12.88_77.53,grid,2024-04-09,12.876135699999999,77.53007835,0.0015776807,Low,0.0,0.0,0.0,0.0,2024-04-09
GRID_12.86_77.7,grid,2024-04-09,12.8592515,77.7030056,0.00045705418,Low,0.0,0.0,0.0,0.0,2024-04-09
GRID_13.04_77.75,grid,2024-04-09,13.0443396,77.7486582,0.000912477,Low,0.0,0.0,0.0,0.0,2024-04-09
GRID_13.04_77.76,grid,2024-04-09,13.044354,77.7605374,0.00045705418,Low,0.0,0.0,0.0,0.0,2024-04-09
GRID_13.05_77.48,grid,2024-04-09,13.054328670588236,77.48208012352941,0.00033943605,Low,0.0,0.0,0.0,0.0,2024-04-09
GRID_13.05_77.56,grid,2024-04-09,13.045777,77.55651132857143,0.004342091,Low,0.0,0.0,0.0,0.01,2024-04-09
GRID_13.05_77.6,grid,2024-04-09,13.04574826,77.60116106000001,0.0019649193,Low,0.0,0.0,0.0,0.0,2024-04-09
GRID_13.05_77.64,grid,2024-04-09,13.0473513,77.6444216,0.00045705418,Low,0.0,0.0,0.0,0.0,2024-04-09
GRID_12.97_77.67,grid,2024-04-09,12.9738068,77.67350815,0.0021318016,Low,0.0,0.0,0.0,0.0,2024-04-09
GRID_12.97_77.68,grid,2024-04-09,12.973391633333334,77.6772479,0.0020170629,Low,0.0,0.0,0.0,0.0,2024-04-09
GRID_12.97_77.73,grid,2024-04-09,12.97072825,77.73023201666666,0.0002931985,Low,0.0,0.0,0.0,0.0,2024-04-09
GRID_12.97_77.74,grid,2024-04-09,12.968914588888888,77.73697437777778,0.0020884247,Low,0.0,0.0,0.0,0.0,2024-04-09
GRID_12.97_77.76,grid,2024-04-09,12.968793564429724,77.75544575173693,0.00045705418,Low,0.0,0.0,0.0,0.0,2024-04-09
GRID_12.98_77.48,grid,2024-04-09,12.9848872,77.4828535,0.00033416977,Low,0.0,0.0,0.0,0.0,2024-04-09
GRID_12.98_77.49,grid,2024-04-09,12.976509299999998,77.48819453333333,0.002918743,Low,0.0,0.0,0.0,0.0,2024-04-09
GRID_12.86_77.71,grid,2024-04-09,12.8622241,77.70555279999999,0.000912477,Low,0.0,0.0,0.0,0.0,2024-04-09
GRID_13.06_77.48,grid,2024-04-09,13.056366581818184,77.47735614545455,0.0007179967,Low,0.0,0.0,0.0,0.0,2024-04-09
GRID_13.06_77.5,grid,2024-04-09,13.062086740000002,77.50376156,0.00067675574,Low,0.0,0.0,0.0,0.0,2024-04-09
GRID_13.06_77.52,grid,2024-04-09,13.0591057,77.5198668,0.000912477,Low,0.0,0.0,0.0,0.0,2024-04-09
GRID_13.06_77.54,grid,2024-04-09,13.0557217,77.5353233,7.831118e-06,Low,0.0,0.0,0.0,0.0,2024-04-09
GRID_13.06_77.56,grid,2024-04-09,13.058718509090909,77.55913896363637,0.0002689281,Low,0.0,0.0,0.0,0.0,2024-04-09
GRID_13.06_77.6,grid,2024-04-09,13.0590383,77.5990417,0.0015776807,Low,0.0,0.0,0.0,0.0,2024-04-09
GRID_13.06_77.63,grid,2024-04-09,13.057472833333334,77.62992773333333,0.002538627,Low,0.0,0.0,0.0,0.0,2024-04-09
GRID_12.96_77.61,grid,2024-04-09,12.961847133333334,77.60902556666666,0.0033453677,Low,0.0,0.0,0.0,0.0,2024-04-09
GRID_12.96_77.62,grid,2024-04-09,12.958678079999999,77.61822379,0.0024862583,Low,0.0,0.0,0.0,0.0,2024-04-09
GRID_12.96_77.68,grid,2024-04-09,12.960187445454546,77.68027167272727,0.0044352324,Low,0.0,0.0,0.0,0.01,2024-04-09
GRID_12.96_77.76,grid,2024-04-09,12.964772400000001,77.7616485,0.0007712197,Low,0.0,0.0,0.0,0.0,2024-04-09
GRID_12.97_77.49,grid,2024-04-09,12.9699933,77.4918833,0.00045705418,Low,0.0,0.0,0.0,0.0,2024-04-09
GRID_12.97_77.53,grid,2024-04-09,12.97194145,77.52737815,0.00041728758,Low,0.0,0.0,0.0,0.0,2024-04-09
GRID_12.95_77.55,grid,2024-04-09,12.9480293,77.55283185714286,0.0058943084,Low,0.0,0.0,0.0,0.01,2024-04-09
GRID_12.95_77.61,grid,2024-04-09,12.952781669999998,77.61133577000001,0.004599743,Low,0.0,0.0,0.0,0.0,2024-04-09
GRID_12.95_77.63,grid,2024-04-09,12.948009944444443,77.6279286,0.0023192982,Low,0.0,0.0,0.0,0.0,2024-04-09
GRID_12.95_77.68,grid,2024-04-09,12.954818066666666,77.68020084999999,0.004897935,Low,0.0,0.0,0.0,0.0,2024-04-09
GRID_12.95_77.75,grid,2024-04-09,12.94754218,77.74615944,0.0024550674,Low,0.0,0.0,0.0,0.0,2024-04-09
GRID_13.06_77.74,grid,2024-04-09,13.060971416666668,77.74165616666666,0.0016025447,Low,0.0,0.0,0.0,0.0,2024-04-09
GRID_13.06_77.77,grid,2024-04-09,13.056634575,77.767512025,0.0027276443,Low,0.0,0.0,0.0,0.0,2024-04-09
GRID_13.07_77.44,grid,2024-04-09,13.07092332,77.44358251999999,0.0019649193,Low,0.0,0.0,0.0,0.0,2024-04-09
GRID_13.07_77.55,grid,2024-04-09,13.0664254,77.5524418,0.00045705418,Low,0.0,0.0,0.0,0.0,2024-04-09
GRID_13.07_77.56,grid,2024-04-09,13.070158263636364,77.55720614545454,0.004656485,Low,0.0,0.0,0.0,0.0,2024-04-09
GRID_13.07_77.6,grid,2024-04-09,13.072275786666667,77.60339406,7.0436996e-05,Low,0.0,0.0,0.0,0.0,2024-04-09
GRID_13.07_77.61,grid,2024-04-09,13.071754700000001,77.60667333636364,0.0016534803,Low,0.0,0.0,0.0,0.0,2024-04-09
GRID_13.07_77.62,grid,2024-04-09,13.070089285714287,77.62237517142857,0.0051959897,Low,0.0,0.0,0.0,0.01,2024-04-09
GRID_12.93_77.48,grid,2024-04-09,12.9258225,77.4767094,0.00045705418,Low,0.0,0.0,0.0,0.0,2024-04-09
GRID_12.93_77.49,grid,2024-04-09,12.932971355555557,77.48825807777777,0.0030096024,Low,0.0,0.0,0.0,0.0,2024-04-09
GRID_12.93_77.5,grid,2024-04-09,12.92561035,77.4992290142857,0.0022232437,Low,0.0,0.0,0.0,0.0,2024-04-09
GRID_12.88_77.56,grid,2024-04-09,12.878729700000001,77.55528235,9.411086e-05,Low,0.0,0.0,0.0,0.0,2024-04-09
GRID_12.88_77.59,grid,2024-04-09,12.875444575,77.5948095,0.0027276443,Low,0.0,0.0,0.0,0.0,2024-04-09
GRID_12.94_77.6,grid,2024-04-09,12.9395051,77.5973986,8.371243e-06,Low,0.0,0.0,0.0,0.0,2024-04-09
GRID_12.94_77.64,grid,2024-04-09,12.9437353,77.63865095,0.00013482172,Low,0.0,0.0,0.0,0.0,2024-04-09
GRID_12.94_77.68,grid,2024-04-09,12.943479983333333,77.68154981666666,0.0011150412,Low,0.0,0.0,0.0,0.0,2024-04-09
GRID_12.94_77.72,grid,2024-04-09,12.93870605,77.7181955375,0.0051117563,Low,0.0,0.0,0.0,0.01,2024-04-09
GRID_12.95_77.48,grid,2024-04-09,12.951536125,77.47970255,0.0034894224,Low,0.0,0.0,0.0,0.0,2024-04-09
GRID_12.95_77.51,grid,2024-04-09,12.948161424815897,77.50593487554218,0.0032536255,Low,0.0,0.0,0.0,0.0,2024-04-09
GRID_13.07_77.64,grid,2024-04-09,13.069418883333334,77.63826348333333,0.0032279668,Low,0.0,0.0,0.0,0.0,2024-04-09
GRID_13.07_77.65,grid,2024-04-09,13.072901866666667,77.65159543333333,0.0016690755,Low,0.0,0.0,0.0,0.0,2024-04-09
GRID_13.08_77.58,grid,2024-04-09,13.0829831,77.58193426666668,0.0023192982,Low,0.0,0.0,0.0,0.0,2024-04-09
GRID_13.08_77.59,grid,2024-04-09,13.07789302,77.5926955,0.0019649193,Low,0.0,0.0,0.0,0.0,2024-04-09
GRID_13.09_77.56,grid,2024-04-09,13.088033,77.55594049999999,0.002149287,Low,0.0,0.0,0.0,0.0,2024-04-09
GRID_13.09_77.63,grid,2024-04-09,13.0850077,77.6348042,0.00045705418,Low,0.0,0.0,0.0,0.0,2024-04-09
GRID_12.89_77.55,grid,2024-04-09,12.894738523406811,77.55495969,0.005242474,Low,0.0,0.0,0.0,0.01,2024-04-09
GRID_12.93_77.53,grid,2024-04-09,12.9295086,77.5349594,0.00045705418,Low,0.0,0.0,0.0,0.0,2024-04-09
GRID_12.93_77.55,grid,2024-04-09,12.930435979999999,77.55363088,0.0046987114,Low,0.0,0.0,0.0,0.01,2024-04-09
GRID_12.93_77.56,grid,2024-04-09,12.931137383333335,77.55956809999999,0.0042824997,Low,0.0,0.0,0.0,0.0,2024-04-09
GRID_12.93_77.6,grid,2024-04-09,12.930940633333334,77.60447223333334,6.9728805e-05,Low,0.0,0.0,0.0,0.0,2024-04-09
GRID_12.93_77.64,grid,2024-04-09,12.925542566666666,77.63728333333334,0.0020170629,Low,0.0,0.0,0.0,0.0,2024-04-09
GRID_12.93_77.67,grid,2024-04-09,12.926395236000001,77.670175332,0.0031156545,Low,0.0,0.0,0.0,0.0,2024-04-09
GRID_12.93_77.74,grid,2024-04-09,12.9277675,77.73896345,6.573779e-06,Low,0.0,0.0,0.0,0.0,2024-04-09
GRID_12.94_77.5,grid,2024-04-09,12.942814725,77.49538915,0.00041728758,Low,0.0,0.0,0.0,0.0,2024-04-09
GRID_12.94_77.51,grid,2024-04-09,12.935860118181818,77.51281114545453,0.0037273022,Low,0.0,0.0,0.0,0.01,2024-04-09
GRID_13.0_77.48,grid,2024-04-09,13.0008363,77.4819575,0.0075318567,Low,0.0,0.0,0.0,0.0,2024-04-09
GRID_13.0_77.64,grid,2024-04-09,13.003018333333332,77.63520615,0.0012993102,Low,0.0,0.0,0.0,0.0,2024-04-09
GRID_13.0_77.65,grid,2024-04-09,12.995055683333334,77.653564375,0.0033124955,Low,0.0,0.0,0.0,0.01,2024-04-09
GRID_13.24_77.72,grid,2024-04-09,13.244062833333333,77.7157889,0.00087459554,Low,0.0,0.0,0.0,0.0,2024-04-09
GRID_13.25_77.71,grid,2024-04-09,13.245638916666667,77.71234053611111,0.0025371204,Low,0.0,0.0,0.0,0.0,2024-04-09
GRID_13.26_77.71,grid,2024-04-09,13.257282400000001,77.71231025,0.002210491,Low,0.0,0.0,0.0,0.0,2024-04-09
GRID_13.26_77.72,grid,2024-04-09,13.2593659,77.71777902,6.612606e-06,Low,0.0,0.0,0.0,0.0,2024-04-09
GRID_13.27_77.72,grid,2024-04-09,13.266818,77.7192361,7.831118e-06,Low,0.0,0.0,0.0,0.0,2024-04-09
GRID_13.29_77.53,grid,2024-04-09,13.293684372967755,77.53250753446538,0.00045705418,Low,0.0,0.0,0.0,0.0,2024-04-09
GRID_13.2_77.66,grid,2024-04-09,13.201357083333333,77.6620922,0.00242473,Low,0.0,0.0,0.0,0.0,2024-04-09
GRID_13.2_77.67,grid,2024-04-09,13.19835,77.6705883,0.0007706518,Low,0.0,0.0,0.0,0.0,2024-04-09
GRID_12.88_77.63,grid,2024-04-09,12.88032708066526,77.62925135537462,0.0019165303,Low,0.0,0.0,0.0,0.0,2024-04-09
GRID_12.88_77.66,grid,2024-04-09,12.8807353,77.6551317,0.0007706518,Low,0.0,0.0,0.0,0.0,2024-04-09
GRID_12.88_77.74,grid,2024-04-09,12.877168194473605,77.73582745,0.0075318567,Low,0.0,0.0,0.0,0.0,2024-04-09
GRID_12.89_77.54,grid,2024-04-09,12.8898434,77.53788069999999,0.000912477,Low,0.0,0.0,0.0,0.0,2024-04-09
GRID_13.11_77.61,grid,2024-04-09,13.1135136,77.60627086,0.0034927651,Low,0.0,0.0,0.0,0.0,2024-04-09
GRID_12.89_77.59,grid,2024-04-09,12.890572875,77.59193775,0.0023701508,Low,0.0,0.0,0.0,0.0,2024-04-09
GRID_12.89_77.62,grid,2024-04-09,12.893235475000001,77.6197761,0.0027276443,Low,0.0,0.0,0.0,0.0,2024-04-09
GRID_12.89_77.65,grid,2024-04-09,12.88761143641505,77.64947458135379,0.0008978974,Low,0.0,0.0,0.0,0.0,2024-04-09
GRID_12.89_77.68,grid,2024-04-09,12.894967466666666,77.6757968,0.0012681598,Low,0.0,0.0,0.0,0.0,2024-04-09
GRID_12.89_77.75,grid,2024-04-09,12.8852117,77.746775,7.831118e-06,Low,0.0,0.0,0.0,0.0,2024-04-09
GRID_12.8_77.7,grid,2024-04-09,12.8026667,77.7043117,0.0012266822,Low,0.0,0.0,0.0,0.0,2024-04-09
GRID_13.19_77.71,grid,2024-04-09,13.1946852,77.7078466,0.0007706518,Low,0.0,0.0,0.0,0.0,2024-04-09
GRID_13.19_77.67,grid,2024-04-09,13.1897037,77.6741922,0.0075318567,Low,0.0,0.0,0.0,0.01,2024-04-09
