zone,zone_kind,zone_lat,zone_lon
"BTP001 - 10th Cross, Dr. Rajkumar Road",junction,13.007777754280745,77.55463778222777
BTP006 - Navarang Bar Junction,junction,12.99110927631579,77.55770017368421
BTP008 - Navarang Theatre,junction,12.998479756367226,77.55309288953602
BTP009 - Prakash Nagar Junction,junction,12.992510784831461,77.5575310719101
BTP010 - Rajajinagar Entrance,junction,12.982219445330337,77.56000469953807
"BTP011 - RR Kalyana Mantapa, Dr. Rajkumar Road",junction,12.993699795955797,77.55377486975144
"BTP015 - Suguna Hospital, Dr. Rajkumar Road",junction,12.987772653164557,77.5594433392405
"BTP016 - 5th Main Road, RPC Layout",junction,12.965271313031003,77.53778991937591
BTP017 - Attiguppe Circle,junction,12.960579954599407,77.52975111008902
BTP018 - Dhobi Ghat Junction,junction,12.987581793589744,77.54985970128205
BTP020 - Hosahalli Metro Station,junction,12.974213729787916,77.54529567544986
"BTP022 - Marenahalli Junction, Vijayanagar",junction,12.96876777975821,77.53672266454917
BTP023 - Mahalaxmi Layout Entrance,junction,13.008962948062864,77.54919073276713
"BTP024 - NPS, Vijayanagar",junction,12.98285641751018,77.54881741390679
"BTP025 - Puttamma Choultry, Nagarbhavi",junction,12.978654194999999,77.53813890500001
"BTP026 - 1st Block Junction, Rajajinagar",junction,13.002449113326447,77.55009747871901
BTP027 - Modi Bridge Junction,junction,12.99886389153938,77.54944489164671
BTP028 - Vijayanagar Bus Stand Junction,junction,12.972557481866048,77.53810466215123
BTP030 - Mekhri Circle,junction,13.012824675714286,77.58383126285715
BTP032 - Windsor Circle,junction,12.993096625500073,77.58822236588165
"BTP033 - Sophia High School, Sankey Road",junction,12.990396026086957,77.58866933540372
BTP034 - LRDE Junction,junction,12.988376719514173,77.59181692993047
BTP035 - Basaweshwara Circle (LH) Junction,junction,12.98461576451613,77.58817643870967
BTP036 - Police Thimmaiah Circle (GPO),junction,12.98094640945946,77.59428802297298
BTP037 - KR Circle,junction,12.976492461780106,77.58641872356021
BTP038 - Mysore Bank Junction,junction,12.97345650595092,77.5812734098773
BTP040 - Elite Junction,junction,12.976622070795319,77.57660554051733
BTP041 - Gopal Gowda Circle,junction,12.977367761450381,77.59045643778626
BTP042 - Minsk Square Junction (CTO),junction,12.981158241534988,77.59844703972911
BTP043 - Upparpet Junction,junction,12.971141156464634,77.57557509754892
BTP044 - Sagar Theatre Junction,junction,12.974967581711818,77.578895476761
BTP045 - Danvanthri Road Junction,junction,12.977073068989547,77.57476422605498
BTP047 - Vidhan Soudha Metro Station,junction,12.979841192592591,77.59251356560847
BTP048 - Shanthala Junction,junction,12.976916589944134,77.57074814102155
BTP051 - Safina Plaza Junction,junction,12.981216675419292,77.60866933585206
BTP052 - CID Carlton House Junction,junction,12.980892975739932,77.58766559770304
BTP053 - Three Let Junction,junction,12.983840382608696,77.58177968913044
BTP054 - Shivananda Circle,junction,12.986304582859464,77.57888402889894
BTP057 - Anand Rao Junction,junction,12.979392785939394,77.57440407684848
BTP058 - Subbanna Junction,junction,12.978989333010263,77.57865990497868
BTP061 - Bhashyam Circle,junction,12.985179307748298,77.55395829537082
"BTP062 - Basava Mantapa, Dr. Rajkumar Road",junction,12.979942471434695,77.55467846447999
BTP063 - Siddalingaiah Circle,junction,12.971520568655096,77.59672272939262
BTP064 - Devanga Hostel Junction,junction,12.96268053368421,77.58990699578948
BTP067 - Jai Muni Rao Circle,junction,12.97851010095941,77.5427450559276
BTP068 - Veeresh Theatre Junction,junction,12.977204228666666,77.54560205444444
BTP069 - MC Circle,junction,12.974678015539343,77.54747629313898
"BTP070 - Cholurpalya Junction, Magadi Road",junction,12.97348335557552,77.55079738411703
BTP071 - Prasanna Junction,junction,12.974425242344251,77.55209937891078
BTP074 - Leprosy Hospital Junction,junction,12.975734541859076,77.56168708821251
BTP075 - Police Corner,junction,12.96872643839462,77.58633180090612
BTP076 - Hudson Circle,junction,12.968017993059126,77.5887969092545
BTP077 - Halasuru Gate Junction,junction,12.966897120833332,77.5870293625
BTP078 - NR Square Junction,junction,12.965887268780488,77.58540834780489
BTP079 - Town Hall Junction,junction,12.964662841935484,77.58480971935484
"BTP080 - NR Road, SP Road Junction",junction,12.964389685110014,77.58320405554326
BTP082 - KR Market Junction,junction,12.964437358705567,77.57722593887625
"BTP083 - AS Char Street, Mysore Road",junction,12.966447272054511,77.57438870947549
BTP085 - Briyand Circle,junction,12.966174915827338,77.56939723597122
"BTP089 - Police Quarters, Sultan Road",junction,12.960992125,77.5635322325
BTP091 - Sirsi Circle,junction,12.962144173390557,77.55870154763949
BTP092 - Bangalore Builders Junction,junction,12.959349637647058,77.5557458717647
"BTP093 - Toll Gate, Mysore Road",junction,12.958547894444443,77.55221098194444
"BTP094 - Sri Skanda Complex, Mysore Road",junction,12.95581615764706,77.54618573529412
"BTP095 - Satellite Bus Stand, Mysore Road",junction,12.953803576387163,77.5433510796265
BTP096 - Gali Anjaneya Temple,junction,12.952584804157238,77.54121168047804
BTP098 - Nayandahalli Junction,junction,12.944968452830189,77.52777250314465
"BTP099 - Cash Pharmacy, Residency Road",junction,12.969258660389611,77.60025074188312
BTP100 - Richmond Circle,junction,12.962794659409594,77.59828995424354
"BTP101 - Blood Bank Circle, KH Road",junction,12.961954240163934,77.5961973273224
"BTP102 - BMTC Junction, KH Road",junction,12.95558064,77.59289194142858
BTP103 - Shanti Nagar TTMC,junction,12.953835349166667,77.59173402500001
BTP104 - Medical College Circle,junction,12.959592314468084,77.57662682195745
BTP105 - Shivasankara Circle,junction,12.956886487078652,77.57419385617978
BTP106 - VV Puram College,junction,12.952853619144381,77.5742573657524
BTP107 - National College Junction,junction,12.948955050684932,77.57294951506849
BTP108 - Tagore Park Junction,junction,12.943919908505448,77.57145599325675
BTP109 - Dewan Madhava Rao Junction,junction,12.940876033076922,77.5724223026923
"BTP110 - Bharathi Nursing Home, Basavanagudi",junction,12.93742960532226,77.57230527575187
"BTP112 - 14th Cross, KR Road",junction,12.92934653,77.57320882
"BTP113 - 27th Cross, Pai Vista, KR Road",junction,12.917530724324326,77.57309781441441
"BTP114 - KR Road Junction, Near JSS",junction,12.924322724413159,77.57493878339055
"BTP115 - Sahasra Hospital, Jayanagar",junction,12.9172537672404,77.57373717884926
"BTP117 - 9th Cross, Kanakapura Road",junction,12.91238351302521,77.57324936218488
BTP118 - Basappa Circle,junction,12.958122083148147,77.57755178
BTP119 - Minerva Circle,junction,12.955120233734938,77.58029479216867
BTP120 - Lalbagh Main Gate Junction,junction,12.954161373619632,77.58463449325154
BTP121 - KH Circle,junction,12.951919158666666,77.59041085733334
BTP122 - Siddapura Junction,junction,12.948459547286822,77.59291910930233
"BTP123 - 10th Cross, Wilson Garden",junction,12.946074685373008,77.59611191647917
BTP126 - Dairy Circle,junction,12.936761205533596,77.60207464584981
"BTP127 - Sagar Hospital, Jayanagar",junction,12.927932214705882,77.59837052941177
BTP128 - Gorappanapalya Junction,junction,12.920613594117647,77.6003740882353
BTP130 - GD Mara Junction,junction,12.908069806993007,77.60081927185315
BTP132 - Anepalya Junction,junction,12.951218263265307,77.60693767210884
BTP133 - Adugodi Junction,junction,12.941890507462688,77.60854312089552
BTP134 - Mico Bande,junction,12.945716540540541,77.6025567972973
BTP135 - UCO Bank Junction,junction,12.935614800409418,77.61498017666327
BTP136 - Hosur-Tavarkere Road Junction,junction,12.934256872468355,77.60856094556962
BTP137 - Madiwala Traffic PS Junction,junction,12.923003773243375,77.62004738469177
BTP138 - Sarjapur Road Check Post,junction,12.927108226774553,77.61689196143901
BTP140 - Madiwala Check Post,junction,12.93232729010239,77.61331337269624
BTP141 - Palmgroove Junction,junction,12.968275867567566,77.61366548648648
BTP142 - Lower Agram Road Junction,junction,12.962000976190476,77.61538746190476
BTP143 - ASC Junction,junction,12.969471173333334,77.61978309333334
BTP144 - Commando Hospital Junction,junction,12.968701750000001,77.62630552499999
"BTP145 - Sri Hatti Maramma Circle, Domluru",junction,12.961289213222164,77.63616230302713
BTP146 - Domlur Water Tank,junction,12.960501909016394,77.63876197213115
"BTP148 - 17th Main, Doopanahalli Bus Stop",junction,12.963544359694668,77.64224911220946
BTP154 - Itmadu Junction,junction,12.930232485714285,77.54541242857144
BTP155 - Katriguppe Junction,junction,12.926701964163822,77.55074101638225
BTP156 - Kamakya Junction,junction,12.923800053611933,77.55335398807121
BTP157 - Kadirenahalli Cross,junction,12.912996066666667,77.56706291333333
BTP158 - Devegowda Petrol Bunk,junction,12.921269069483158,77.5603682596793
"BTP159 - JP Nagar Metro, ORR",junction,12.906232425875,77.573168152875
"BTP161 - 15th Cross, 35th Main, JP Nagar",junction,12.906493766666665,77.577648025
"BTP163 - 16th Main Road, BTM Layout",junction,12.915018361967213,77.6085338095082
"BTP164 - 29th Main Road, BTM Layout",junction,12.915922940343162,77.61541795166417
BTP166 - Coffee Board Junction,junction,12.984923901801801,77.59434976306306
BTP167 - JC Road Junction,junction,12.958270949400605,77.5812765294281
"BTP168 - MSR Building, JC Road",junction,12.961178251219511,77.5842871495935
"BTP170 - Dr. Bheem Rao Palace, Chord Road",junction,12.990421004162116,77.5512981467759
BTP171 - Indian Express (Balekundri),junction,12.986118457731958,77.59866572268041
BTP172 - Nanjappa Circle,junction,12.961712130591632,77.5994701020202
BTP173 - TMC,junction,12.982320013533833,77.59870472105264
"BTP176 - Rajalakshmi Kalyana Mantapa, JP Nagar",junction,12.91730204968153,77.57837235923567
"BTP177 - Aurobindo Circle, ORR",junction,12.916604498192772,77.58521114759036
"BTP178 - 18th Main, Marenahalli",junction,12.91689827142857,77.58956701428572
"BTP179 - 9th Block, 28th Main, Jayanagar",junction,12.916983268749998,77.59499624625
BTP180 - Swagath Poornima Theatre,junction,12.960504212931033,77.58728456206896
BTP181 - Bileka Halli Junction,junction,12.9019944125,77.60112085
"BTP182 - 19th Main Junction, Rajajinagar",junction,12.998964814459148,77.55086697652493
BTP184 - Lalbagh West Gate,junction,12.948408644615386,77.58014869538462
BTP185 - RV Teachers College,junction,12.944620242592592,77.58062071851852
"BTP186 - 9th Cross, 4th Main, Jayanagar",junction,12.939346947891531,77.58306246593123
BTP187 - South End Circle,junction,12.937353674534268,77.58199584693376
"BTP188 - 27th Cross, 4th Main, Jayanagar",junction,12.929678117578124,77.58056281445313
"BTP189 - New Diagonal Road, Jayanagar",junction,12.928088273359073,77.58068341254827
"BTP190 - 36th Cross, 4th Main, Jayanagar",junction,12.922651633687517,77.58126195007735
"BTP191 - 40th Cross, 4th Main, Jayanagar",junction,12.92006186516854,77.5822193022472
BTP192 - Urvashi Theater,junction,12.95644291764706,77.58601795813148
BTP193 - Vasavi Circle,junction,12.949692636337348,77.57682725461063
BTP196 - Sarakki Main Road,junction,12.91112095952765,77.5781207231884
"BTP197 - 9th Cross, 24th Main, JP Nagar",junction,12.911649257920791,77.58617407673268
"BTP198 - 9th Cross, 8th Main, JP Nagar",junction,12.910182857142857,77.5956611
"BTP200 - 15th Cross, 33rd Main, JP Nagar",junction,12.906321830434782,77.58130143913044
"BTP202 - East End Main Road, Jayanagar",junction,12.917146362068966,77.59691362068966
BTP203 - RRMR Junction,junction,12.967407398347108,77.59355071239669
"BTP204 - ESI Hospital, Rajajinagar",junction,12.990391505138339,77.55374700711464
BTP205 - Modi Hospital Junction,junction,12.99749328843376,77.54689053376117
"BTP206 - Shankara Mutt Circle, Vijayanagar",junction,12.998634004522613,77.54148434706867
BTP207 - 8th Main Road Basaveshwara Nagar,junction,12.991911170558376,77.53847922335025
BTP208 - Havanur Circle,junction,12.987943587152564,77.5375518757677
"BTP210 - 50th cross, 12th Main , Rajajinagar",junction,12.986993655784064,77.5551775596401
BTP211 - Central Street Junction,junction,12.98332668621232,77.60345690325934
BTP212 - Minto Junction,junction,12.960257728985507,77.57143755652173
BTP213 - Royan Circle,junction,12.960757848606496,77.56831495368421
BTP214 - 5th Main Chamrajpet  Junction,junction,12.966109929586068,77.54990258726592
BTP215 - Vanivillas Junction,junction,12.946164027505311,77.57023107982037
BTP216 - Yediyur Junction,junction,12.93802209089189,77.57687954027875
BTP217 - Baleyele Junction,junction,12.957376190529521,77.56945101736699
BTP218 - Syndicate Bank Junction,junction,12.934745061184211,77.58441769605264
BTP219 - Canara Bank Junction,junction,12.931163036825396,77.58447701111112
BTP220 - Puttanna Junction,junction,12.928850529296875,77.5828325640625
"BTP221 - 15th Cross, 24th Main, JP Nagar",junction,12.904821129473683,77.58624848105264
BTP222 - Delmia Circle,junction,12.905872203529412,77.59264487411765
BTP225 - Geetha Junction,junction,12.928369027272728,77.58585405849803
"BTP226 - 33rd Cross, 11th Main, Jayanagar",junction,12.92587461497326,77.58560018262033
GRID_12.81_77.69,grid,12.811375666666668,77.69438576666666
GRID_12.81_77.7,grid,12.806186907142857,77.69885753571428
GRID_12.82_77.68,grid,12.824635366666667,77.68403943333334
GRID_12.82_77.69,grid,12.819648171111112,77.68820439444445
GRID_12.83_77.68,grid,12.827809036666668,77.68211430666666
GRID_12.84_77.59,grid,12.844480449999999,77.58816885
GRID_12.84_77.64,grid,12.84218213521131,77.64429451715615
GRID_12.84_77.65,grid,12.841695712077703,77.64683507837839
GRID_12.84_77.66,grid,12.840699553333334,77.66263480666666
GRID_12.84_77.67,grid,12.842729,77.67452865
GRID_12.84_77.68,grid,12.839988477857695,77.67709304103802
GRID_12.84_77.69,grid,12.843188416666665,77.68740343333333
GRID_12.85_77.59,grid,12.852023308333335,77.58834785833334
GRID_12.85_77.65,grid,12.846312950000002,77.64753010000001
GRID_12.85_77.66,grid,12.85253908235294,77.6603247
GRID_12.85_77.67,grid,12.848432287790077,77.66879392752587
GRID_12.85_77.68,grid,12.8457393,77.6809993
GRID_12.86_77.53,grid,12.861918386153846,77.53000424307692
GRID_12.86_77.59,grid,12.85751681506402,77.58907648095652
GRID_12.86_77.61,grid,12.8614371,77.6134364
GRID_12.86_77.65,grid,12.85995896,77.64767945999999
GRID_12.86_77.66,grid,12.85644436229508,77.66363117540983
GRID_12.86_77.67,grid,12.857247927272727,77.66869594545454
GRID_12.86_77.7,grid,12.8592515,77.7030056
GRID_12.86_77.71,grid,12.8622241,77.70555279999999
GRID_12.87_77.53,grid,12.866388935714285,77.53445340714286
GRID_12.87_77.54,grid,12.87142779736842,77.53865050438596
GRID_12.87_77.57,grid,12.872336268181819,77.56720350454545
GRID_12.87_77.58,grid,12.870235625,77.5810198
GRID_12.87_77.59,grid,12.872460873251098,77.59402855699064
GRID_12.87_77.6,grid,12.873001949999999,77.59874955000001
GRID_12.87_77.62,grid,12.8744178,77.618489
GRID_12.87_77.64,grid,12.873966683333334,77.64270334999999
GRID_12.87_77.65,grid,12.870996338892036,77.65301381931575
GRID_12.87_77.66,grid,12.870396453777778,77.6564710586535
GRID_12.87_77.67,grid,12.87487605,77.669410375
GRID_12.88_77.45,grid,12.87840735,77.4453044
GRID_12.88_77.5,grid,12.8838377,77.5019219
GRID_12.88_77.52,grid,12.8778133,77.517105
GRID_12.88_77.53,grid,12.876135699999999,77.53007835
GRID_12.88_77.54,grid,12.876397178408666,77.54386937380542
GRID_12.88_77.55,grid,12.880947071029567,77.54711268099598
GRID_12.88_77.56,grid,12.878729700000001,77.55528235
GRID_12.88_77.59,grid,12.875444575,77.5948095
GRID_12.88_77.6,grid,12.878281968476093,77.59635725492348
GRID_12.88_77.61,grid,12.8801837,77.61058101904761
GRID_12.88_77.62,grid,12.876063910869567,77.61686252826087
GRID_12.88_77.63,grid,12.88032708066526,77.62925135537462
GRID_12.88_77.64,grid,12.88294517953203,77.64181161704204
GRID_12.88_77.65,grid,12.877618998177343,77.64721667009009
GRID_12.88_77.66,grid,12.8807353,77.6551317
GRID_12.88_77.67,grid,12.87619305,77.671188978125
GRID_12.88_77.74,grid,12.877168194473605,77.73582745
GRID_12.88_77.75,grid,12.883512000851775,77.7522734243868
GRID_12.89_77.54,grid,12.8898434,77.53788069999999
GRID_12.89_77.55,grid,12.894738523406811,77.55495969
GRID_12.89_77.56,grid,12.888682648899172,77.5624224860402
GRID_12.89_77.57,grid,12.891719222222223,77.5690676030303
GRID_12.89_77.58,grid,12.891418849999999,77.58104022
GRID_12.89_77.59,grid,12.890572875,77.59193775
GRID_12.89_77.6,grid,12.893183061261261,77.59869527927927
GRID_12.89_77.61,grid,12.89145265,77.6086065
GRID_12.89_77.62,grid,12.893235475000001,77.6197761
GRID_12.89_77.63,grid,12.892080142857143,77.63138413571428
GRID_12.89_77.64,grid,12.890707578980251,77.6387934396799
GRID_12.89_77.65,grid,12.88761143641505,77.64947458135379
GRID_12.89_77.66,grid,12.894190167948661,77.65717693096653
GRID_12.89_77.67,grid,12.889964105857048,77.66990483920546
GRID_12.89_77.68,grid,12.894967466666666,77.6757968
GRID_12.89_77.74,grid,12.887301800470926,77.7384566051744
GRID_12.89_77.75,grid,12.8852117,77.746775
GRID_12.8_77.7,grid,12.8026667,77.7043117
GRID_12.91_77.48,grid,12.912544038623901,77.48114923643759
GRID_12.91_77.49,grid,12.913707493475702,77.48642554406227
GRID_12.91_77.51,grid,12.910702030769231,77.51349003076923
GRID_12.91_77.53,grid,12.90775891669538,77.53299172373735
GRID_12.91_77.54,grid,12.906078649073521,77.54214782560605
GRID_12.91_77.55,grid,12.908912275454455,77.54867479573748
GRID_12.91_77.56,grid,12.910777115882354,77.55888981470588
GRID_12.91_77.59,grid,12.909033619999999,77.59034285999999
GRID_12.91_77.6,grid,12.913470892207792,77.60414625974026
GRID_12.91_77.61,grid,12.913225786175117,77.60623939124424
GRID_12.91_77.62,grid,12.913419659999999,77.6244946
GRID_12.91_77.63,grid,12.909304294183482,77.63007798692958
GRID_12.91_77.64,grid,12.911617668865443,77.6379102259959
GRID_12.91_77.65,grid,12.911931490825689,77.6506821880734
GRID_12.91_77.66,grid,12.9099629,77.6641712
GRID_12.91_77.67,grid,12.913819388,77.66657518400001
GRID_12.91_77.68,grid,12.912258868073401,77.67937285818984
GRID_12.91_77.69,grid,12.909700628235294,77.68756728588235
GRID_12.91_77.7,grid,12.906778402536801,77.69693050813986
GRID_12.92_77.47,grid,12.9234668,77.4728372
GRID_12.92_77.48,grid,12.917588814285713,77.48252651428571
GRID_12.92_77.49,grid,12.922902336363636,77.48772934545455
GRID_12.92_77.5,grid,12.918121676470589,77.49975779019607
GRID_12.92_77.51,grid,12.919291077777778,77.51406551111111
GRID_12.92_77.52,grid,12.918550291666667,77.519967225
GRID_12.92_77.53,grid,12.9247254,77.5309136
GRID_12.92_77.54,grid,12.919249804255818,77.54210911181084
GRID_12.92_77.55,grid,12.9202312,77.5471374
GRID_12.92_77.56,grid,12.918403515384616,77.56433958461538
GRID_12.92_77.57,grid,12.917744450072549,77.57044981876665
GRID_12.92_77.58,grid,12.9216785,77.5847599
GRID_12.92_77.59,grid,12.921751193333334,77.58583610000001
GRID_12.92_77.6,grid,12.92041855,77.60093495
GRID_12.92_77.61,grid,12.922605736666666,77.60966229333333
GRID_12.92_77.62,grid,12.916724504,77.623502632
GRID_12.92_77.63,grid,12.92004566369854,77.6312558726217
GRID_12.92_77.64,grid,12.917752190789836,77.63916383991257
GRID_12.92_77.65,grid,12.91994160730897,77.65046660897009
GRID_12.92_77.66,grid,12.92166226140624,77.66189590433258
GRID_12.92_77.67,grid,12.920339341024242,77.66965571662604
GRID_12.92_77.68,grid,12.923370205882353,77.67607191764706
GRID_12.92_77.69,grid,12.923178763043477,77.69307462826087
GRID_12.92_77.7,grid,12.916825486956522,77.69813424782609
GRID_12.92_77.74,grid,12.920789169230769,77.73642416153847
GRID_12.93_77.48,grid,12.9258225,77.4767094
GRID_12.93_77.49,grid,12.932971355555557,77.48825807777777
GRID_12.93_77.5,grid,12.92561035,77.4992290142857
GRID_12.93_77.51,grid,12.932196991771278,77.51270247897801
GRID_12.93_77.52,grid,12.931481857963549,77.5158112656917
GRID_12.93_77.53,grid,12.9295086,77.5349594
GRID_12.93_77.54,grid,12.934846881034483,77.5365279362069
GRID_12.93_77.55,grid,12.930435979999999,77.55363088
GRID_12.93_77.56,grid,12.931137383333335,77.55956809999999
GRID_12.93_77.57,grid,12.929342117647058,77.56758508235295
GRID_12.93_77.59,grid,12.930219643283582,77.59222739552239
GRID_12.93_77.6,grid,12.930940633333334,77.60447223333334
GRID_12.93_77.61,grid,12.929638162987013,77.60734136580086
GRID_12.93_77.62,grid,12.928376018505338,77.62040047793595
GRID_12.93_77.63,grid,12.930945671653543,77.63211823950131
GRID_12.93_77.64,grid,12.925542566666666,77.63728333333334
GRID_12.93_77.67,grid,12.926395236000001,77.670175332
GRID_12.93_77.68,grid,12.92730742302336,77.67927728206413
GRID_12.93_77.69,grid,12.93286626741966,77.69019528705788
GRID_12.93_77.7,grid,12.93199635279955,77.69593647237595
GRID_12.93_77.74,grid,12.9277675,77.73896345
GRID_12.94_77.49,grid,12.938884714666667,77.49299570533333
GRID_12.94_77.5,grid,12.942814725,77.49538915
GRID_12.94_77.51,grid,12.935860118181818,77.51281114545453
GRID_12.94_77.52,grid,12.937497335616438,77.52017331666667
GRID_12.94_77.53,grid,12.938722853333333,77.531984556
GRID_12.94_77.54,grid,12.9359428,77.53664115813953
GRID_12.94_77.55,grid,12.94005902,77.55048685714286
GRID_12.94_77.56,grid,12.939965647566185,77.56059371230603
GRID_12.94_77.57,grid,12.941649174072719,77.56710402737954
GRID_12.94_77.58,grid,12.938952723333333,77.58487523666666
GRID_12.94_77.59,grid,12.938547443418498,77.5871244656873
GRID_12.94_77.6,grid,12.9395051,77.5973986
GRID_12.94_77.61,grid,12.940250714285714,77.61134672142857
GRID_12.94_77.62,grid,12.938923547849463,77.61986757284946
GRID_12.94_77.63,grid,12.937992745867538,77.62728167837248
GRID_12.94_77.64,grid,12.9437353,77.63865095
GRID_12.94_77.68,grid,12.943479983333333,77.68154981666666
GRID_12.94_77.69,grid,12.936275426592282,77.69180060837698
GRID_12.94_77.7,grid,12.939745543697065,77.69687606479994
GRID_12.94_77.71,grid,12.936081300000001,77.70579434999999
GRID_12.94_77.72,grid,12.93870605,77.7181955375
GRID_12.94_77.75,grid,12.940802205919958,77.74739034078512
GRID_12.95_77.48,grid,12.951536125,77.47970255
GRID_12.95_77.49,grid,12.947569285714286,77.48842769285714
GRID_12.95_77.5,grid,12.948410844710398,77.49775182757743
GRID_12.95_77.51,grid,12.948161424815897,77.50593487554218
GRID_12.95_77.52,grid,12.950401447580646,77.52206556209678
GRID_12.95_77.53,grid,12.947976430303031,77.53362878939394
GRID_12.95_77.54,grid,12.948924743243243,77.53627235135134
GRID_12.95_77.55,grid,12.9480293,77.55283185714286
GRID_12.95_77.56,grid,12.947954115789473,77.56057449473684
GRID_12.95_77.59,grid,12.94607781030949,77.58765630307454
GRID_12.95_77.6,grid,12.950705005882353,77.59802496764706
GRID_12.95_77.61,grid,12.952781669999998,77.61133577000001
GRID_12.95_77.62,grid,12.950391864705884,77.6203928372549
GRID_12.95_77.63,grid,12.948009944444443,77.6279286
GRID_12.95_77.64,grid,12.952770232,77.64053763800001
GRID_12.95_77.65,grid,12.95255452777265,77.65252573619748
GRID_12.95_77.68,grid,12.954818066666666,77.68020084999999
GRID_12.95_77.69,grid,12.950920030555556,77.68925422222223
GRID_12.95_77.7,grid,12.949891874274797,77.69957600147247
GRID_12.95_77.72,grid,12.951507326752585,77.71746926868809
GRID_12.95_77.74,grid,12.953994269230769,77.74444046153846
GRID_12.95_77.75,grid,12.94754218,77.74615944
GRID_12.96_77.5,grid,12.961529289999998,77.503215895
GRID_12.96_77.51,grid,12.960962846896553,77.51152006390805
GRID_12.96_77.52,grid,12.957394943609996,77.51879339553686
GRID_12.96_77.53,grid,12.960900165382622,77.52774607510695
GRID_12.96_77.54,grid,12.964293660915493,77.54110575140845
GRID_12.96_77.55,grid,12.964367150310558,77.5530788757764
GRID_12.96_77.56,grid,12.964306001298702,77.55543871363636
GRID_12.96_77.6,grid,12.964484370000001,77.60435016
GRID_12.96_77.61,grid,12.961847133333334,77.60902556666666
GRID_12.96_77.62,grid,12.958678079999999,77.61822379
GRID_12.96_77.64,grid,12.957854684285714,77.64360748714284
GRID_12.96_77.65,grid,12.9596272721904,77.64778127604174
GRID_12.96_77.66,grid,12.959214505632593,77.65791445940911
GRID_12.96_77.67,grid,12.958685702166065,77.66806378772563
GRID_12.96_77.68,grid,12.960187445454546,77.68027167272727
GRID_12.96_77.69,grid,12.95581501585198,77.69259211574789
GRID_12.96_77.7,grid,12.957890746228077,77.70150991942758
GRID_12.96_77.71,grid,12.957006148837207,77.71167998430232
GRID_12.96_77.72,grid,12.96199766822802,77.71715576768345
GRID_12.96_77.73,grid,12.960160175014156,77.73214764999824
GRID_12.96_77.74,grid,12.95693324137931,77.74018281379311
GRID_12.96_77.75,grid,12.959525433333333,77.74684969500001
GRID_12.96_77.76,grid,12.964772400000001,77.7616485
GRID_12.97_77.49,grid,12.9699933,77.4918833
GRID_12.97_77.5,grid,12.969020283333334,77.4992535125
GRID_12.97_77.51,grid,12.972061330357144,77.508960315625
GRID_12.97_77.53,grid,12.97194145,77.52737815
GRID_12.97_77.54,grid,12.96688442253521,77.54329603943663
GRID_12.97_77.55,grid,12.968153701260505,77.54658635714286
GRID_12.97_77.56,grid,12.969078136880748,77.55921288890592
GRID_12.97_77.57,grid,12.969471065263157,77.56849376842105
GRID_12.97_77.58,grid,12.969516043665015,77.57593034244353
GRID_12.97_77.6,grid,12.973189979999999,77.601952114
GRID_12.97_77.61,grid,12.972334250489427,77.60968779535388
GRID_12.97_77.62,grid,12.973081400721911,77.61924401246961
GRID_12.97_77.63,grid,12.972165256982299,77.62760448142781
GRID_12.97_77.64,grid,12.969850851438833,77.6406845895895
GRID_12.97_77.65,grid,12.97043379566521,77.64758168566345
GRID_12.97_77.66,grid,12.971386472277048,77.65808232698889
GRID_12.97_77.67,grid,12.9738068,77.67350815
GRID_12.97_77.68,grid,12.973391633333334,77.6772479
GRID_12.97_77.7,grid,12.968620753902266,77.70114612497116
GRID_12.97_77.71,grid,12.971546419687106,77.71194441374813
GRID_12.97_77.72,grid,12.966027628856624,77.71780480108893
GRID_12.97_77.73,grid,12.97072825,77.73023201666666
GRID_12.97_77.74,grid,12.968914588888888,77.73697437777778
GRID_12.97_77.75,grid,12.968337573910526,77.74968541019369
GRID_12.97_77.76,grid,12.968793564429724,77.75544575173693
GRID_12.98_77.48,grid,12.9848872,77.4828535
GRID_12.98_77.49,grid,12.976509299999998,77.48819453333333
GRID_12.98_77.51,grid,12.978851978378378,77.51103640810811
GRID_12.98_77.52,grid,12.980039327117703,77.51933700320447
GRID_12.98_77.53,grid,12.982531767311004,77.52925576414667
GRID_12.98_77.54,grid,12.980938809804538,77.536348825219
GRID_12.98_77.56,grid,12.975795432199533,77.55887079442296
GRID_12.98_77.57,grid,12.983670052173913,77.56788374347826
GRID_12.98_77.58,grid,12.978809615697676,77.58163294825582
GRID_12.98_77.6,grid,12.975668472185431,77.60155135761589
GRID_12.98_77.61,grid,12.982315039961069,77.61142804699666
GRID_12.98_77.62,grid,12.977170190523722,77.61923123024928
GRID_12.98_77.63,grid,12.978876603778344,77.62869914521781
GRID_12.98_77.64,grid,12.97901119579896,77.63990778844614
GRID_12.98_77.65,grid,12.979847225146198,77.65022597543859
GRID_12.98_77.66,grid,12.981077484020997,77.65699270314805
GRID_12.98_77.68,grid,12.983322804,77.67988701600001
GRID_12.98_77.69,grid,12.979632965093632,77.69449425280706
GRID_12.98_77.7,grid,12.978652590033535,77.6956770725469
GRID_12.98_77.71,grid,12.979418091237113,77.71036829329897
GRID_12.98_77.72,grid,12.979981587891965,77.72068423311185
GRID_12.98_77.73,grid,12.980977414285714,77.72829827142857
GRID_12.98_77.75,grid,12.981498013761467,77.75162563486238
GRID_12.98_77.77,grid,12.9834622125,77.768348675
GRID_12.99_77.45,grid,12.98863972,77.44879888
GRID_12.99_77.47,grid,12.988482504761905,77.47298836190477
GRID_12.99_77.48,grid,12.985924990721106,77.47878629070175
GRID_12.99_77.49,grid,12.986475319354838,77.48864053548387
GRID_12.99_77.5,grid,12.989641079281443,77.5018067672808
GRID_12.99_77.51,grid,12.989304339560439,77.50771355824176
GRID_12.99_77.52,grid,12.98722609525669,77.51957937937212
GRID_12.99_77.53,grid,12.9858642705736,77.52702822414396
GRID_12.99_77.54,grid,12.988750175,77.54290985
GRID_12.99_77.55,grid,12.9897697,77.5456881
GRID_12.99_77.56,grid,12.994081200000002,77.5635387
GRID_12.99_77.57,grid,12.990622984248333,77.57262878327347
GRID_12.99_77.58,grid,12.991047903225807,77.5759977935484
GRID_12.99_77.59,grid,12.992556024609375,77.59109175605468
GRID_12.99_77.6,grid,12.98940879062338,77.60034623024461
GRID_12.99_77.61,grid,12.990677105966894,77.60878863097561
GRID_12.99_77.62,grid,12.990668579276702,77.61728964408472
GRID_12.99_77.63,grid,12.99430303573944,77.62801216353793
GRID_12.99_77.64,grid,12.985673180000001,77.64437422
GRID_12.99_77.65,grid,12.991380519209939,77.65191252355667
GRID_12.99_77.66,grid,12.99339169049954,77.66240332037073
GRID_12.99_77.67,grid,12.992104799999998,77.66746061428572
GRID_12.99_77.68,grid,12.989615559999999,77.68070388
GRID_12.99_77.69,grid,12.989920683976582,77.68945407124016
GRID_12.99_77.7,grid,12.99441017505851,77.69976924320547
GRID_12.99_77.71,grid,12.988756907287325,77.71002086051739
GRID_12.99_77.72,grid,12.992675197916666,77.717627009375
GRID_12.99_77.73,grid,12.987503404661016,77.73387462245762
GRID_12.99_77.74,grid,12.987056746258503,77.73607077142857
GRID_12.99_77.75,grid,12.985792170526317,77.74597179999999
GRID_12.99_77.76,grid,12.993733561904762,77.75734433809524
GRID_12.9_77.45,grid,12.898018099999998,77.4529559
GRID_12.9_77.47,grid,12.9013385,77.46745385
GRID_12.9_77.51,grid,12.904153025,77.51204185
GRID_12.9_77.52,grid,12.9026833,77.5190814
GRID_12.9_77.53,grid,12.9042772,77.53124349999999
GRID_12.9_77.54,grid,12.9017575,77.54437315
GRID_12.9_77.56,grid,12.89948,77.5587867
GRID_12.9_77.57,grid,12.897539490123751,77.5711119340369
GRID_12.9_77.59,grid,12.900358155140188,77.5893464046729
GRID_12.9_77.6,grid,12.895282174074074,77.59923052839507
GRID_12.9_77.61,grid,12.898062058823529,77.60645880588235
GRID_12.9_77.62,grid,12.901462135161262,77.62296443839071
GRID_12.9_77.63,grid,12.900755973679487,77.63124567494684
GRID_12.9_77.64,grid,12.899680059840946,77.63855868132059
GRID_12.9_77.65,grid,12.900243158186711,77.64901458048934
GRID_12.9_77.66,grid,12.900134571794872,77.65976601538462
GRID_12.9_77.67,grid,12.899723,77.6748722
GRID_12.9_77.68,grid,12.899573188610386,77.67553171059443
GRID_12.9_77.69,grid,12.901421857142859,77.68854287142857
GRID_12.9_77.7,grid,12.903801095017636,77.70387653128162
GRID_12.9_77.71,grid,12.901306787096773,77.70898097419355
GRID_12.9_77.72,grid,12.896655932666667,77.720044262
GRID_13.01_77.48,grid,13.008380247368422,77.48426412105263
GRID_13.01_77.49,grid,13.014025631666668,77.49201588666666
GRID_13.01_77.5,grid,13.012190075,77.50482872500001
GRID_13.01_77.51,grid,13.010730074000001,77.506390124
GRID_13.01_77.53,grid,13.008735529850746,77.5276437814499
GRID_13.01_77.54,grid,13.009479617985612,77.54224147302158
GRID_13.01_77.55,grid,13.01175099404301,77.55371014683871
GRID_13.01_77.56,grid,13.008857324,77.55673444610527
GRID_13.01_77.57,grid,13.006951315854739,77.57045226303514
GRID_13.01_77.58,grid,13.007092317592592,77.57994972361111
GRID_13.01_77.59,grid,13.007395955932203,77.59271883305084
GRID_13.01_77.6,grid,13.010869284210527,77.59516337894738
GRID_13.01_77.61,grid,13.007798290909092,77.61301748636363
GRID_13.01_77.62,grid,13.00688680462963,77.62131327037038
GRID_13.01_77.63,grid,13.013028208450704,77.62644398591549
GRID_13.01_77.64,grid,13.00944950952381,77.63830821904762
GRID_13.01_77.65,grid,13.012424333333334,77.64761071111111
GRID_13.01_77.66,grid,13.009927829212549,77.65953765664041
GRID_13.01_77.67,grid,13.011927466666668,77.66839083333333
GRID_13.01_77.68,grid,13.00520889633658,77.68482692610088
GRID_13.01_77.69,grid,13.007213550671638,77.69048830261998
GRID_13.01_77.7,grid,13.00853972996253,77.69597298270608
GRID_13.01_77.71,grid,13.007659799999999,77.7111318
GRID_13.01_77.75,grid,13.0060866625,77.7514058375
GRID_13.01_77.76,grid,13.008644508849557,77.75834295398231
GRID_13.02_77.48,grid,13.0154999,77.4846445
GRID_13.02_77.49,grid,13.0152174,77.4870229
GRID_13.02_77.51,grid,13.0230362,77.51124490000001
GRID_13.02_77.52,grid,13.0233811,77.520801725
GRID_13.02_77.53,grid,13.018764896676737,77.53159845226587
GRID_13.02_77.54,grid,13.01898408016529,77.53921748347108
GRID_13.02_77.55,grid,13.018747146477583,77.55112968158963
GRID_13.02_77.56,grid,13.018269436277144,77.55759708554575
GRID_13.02_77.58,grid,13.023095236462277,77.58470699353232
GRID_13.02_77.59,grid,13.0220579012939,77.59131261330869
GRID_13.02_77.6,grid,13.02159761923077,77.59920213461538
GRID_13.02_77.61,grid,13.021238062857142,77.61288166285713
GRID_13.02_77.62,grid,13.019522700000001,77.618651275
GRID_13.02_77.63,grid,13.023204190909091,77.62982338181818
GRID_13.02_77.64,grid,13.022117409185599,77.63916037521675
GRID_13.02_77.65,grid,13.020300823421186,77.65060499736974
GRID_13.02_77.66,grid,13.021367052351103,77.65715162208807
GRID_13.02_77.67,grid,13.019994144444444,77.67446498888889
GRID_13.02_77.68,grid,13.021293980600309,77.678451684
GRID_13.02_77.69,grid,13.023319749999999,77.691100175
GRID_13.02_77.7,grid,13.019017966666667,77.70327020606061
GRID_13.02_77.71,grid,13.018578273076923,77.7087775923077
GRID_13.02_77.72,grid,13.023857670000002,77.71662518
GRID_13.02_77.76,grid,13.017543578378378,77.76195655675676
GRID_13.03_77.5,grid,13.0312747,77.50323167
GRID_13.03_77.51,grid,13.02768305625,77.51170503541667
GRID_13.03_77.52,grid,13.026897111111111,77.51933145294117
GRID_13.03_77.53,grid,13.032325064257027,77.53337058072289
GRID_13.03_77.54,grid,13.029212624410057,77.53923860108682
GRID_13.03_77.55,grid,13.028812605263157,77.54985778421053
GRID_13.03_77.56,grid,13.032814341089116,77.55900086553227
GRID_13.03_77.57,grid,13.028638109259258,77.57249247849002
GRID_13.03_77.58,grid,13.027638487411393,77.57810546454687
GRID_13.03_77.59,grid,13.031593231695556,77.58792562434873
GRID_13.03_77.61,grid,13.027443466666668,77.61051436666666
GRID_13.03_77.62,grid,13.033556794163424,77.62384081167315
GRID_13.03_77.63,grid,13.029549156565658,77.6288787060606
GRID_13.03_77.64,grid,13.030843645454546,77.63760115000001
GRID_13.03_77.66,grid,13.02816183685021,77.66302306450518
GRID_13.03_77.72,grid,13.026486195454545,77.72048106136364
GRID_13.03_77.73,grid,13.03442435862069,77.73378337931034
GRID_13.03_77.74,grid,13.0349199,77.7360125
GRID_13.03_77.75,grid,13.0282733,77.7507203
GRID_13.04_77.5,grid,13.037112585714286,77.5043846
GRID_13.04_77.51,grid,13.04041708034826,77.5138938756219
GRID_13.04_77.52,grid,13.039708836984687,77.51855996042403
GRID_13.04_77.53,grid,13.0420851875,77.527544825
GRID_13.04_77.54,grid,13.037680607692307,77.53550968076924
GRID_13.04_77.55,grid,13.043196590909092,77.55225407727272
GRID_13.04_77.56,grid,13.039630500000001,77.55911337647059
GRID_13.04_77.57,grid,13.037821995081966,77.57151156557377
GRID_13.04_77.58,grid,13.038717738888888,77.57775560185185
GRID_13.04_77.59,grid,13.035899075386217,77.58915421361779
GRID_13.04_77.6,grid,13.0425875,77.60138437142858
GRID_13.04_77.61,grid,13.041515908108108,77.61341035405405
GRID_13.04_77.62,grid,13.037468609009009,77.6230085945946
GRID_13.04_77.63,grid,13.037026408015038,77.62563403320988
GRID_13.04_77.64,grid,13.040014249999999,77.64126715
GRID_13.04_77.67,grid,13.0374375,77.6706057
GRID_13.04_77.73,grid,13.035022666666668,77.73448923333333
GRID_13.04_77.74,grid,13.035901494117647,77.73579886862746
GRID_13.04_77.75,grid,13.0443396,77.7486582
GRID_13.04_77.76,grid,13.044354,77.7605374
GRID_13.05_77.48,grid,13.054328670588236,77.48208012352941
GRID_13.05_77.49,grid,13.05135762320464,77.49084478285728
GRID_13.05_77.5,grid,13.04778539225,77.49977408316667
GRID_13.05_77.51,grid,13.047856270103093,77.507430895189
GRID_13.05_77.52,grid,13.04668846497608,77.52143765378706
GRID_13.05_77.53,grid,13.050728321658987,77.52600922764977
GRID_13.05_77.54,grid,13.049494390625,77.5410648953125
GRID_13.05_77.55,grid,13.050051060434782,77.55160854826086
GRID_13.05_77.56,grid,13.045777,77.55651132857143
GRID_13.05_77.57,grid,13.047636456886229,77.57311373712575
GRID_13.05_77.58,grid,13.047631684634146,77.57610700231707
GRID_13.05_77.59,grid,13.050785760443624,77.59295122402958
GRID_13.05_77.6,grid,13.04574826,77.60116106000001
GRID_13.05_77.62,grid,13.05278066,77.62071459
GRID_13.05_77.63,grid,13.047977615957446,77.62877304574468
GRID_13.05_77.64,grid,13.0473513,77.6444216
GRID_13.05_77.65,grid,13.05201485625,77.6460451
GRID_13.05_77.75,grid,13.045926317261904,77.75030918750001
GRID_13.05_77.76,grid,13.054034537878788,77.7624305060606
GRID_13.06_77.46,grid,13.060770322857143,77.46126350571429
GRID_13.06_77.47,grid,13.058073459210528,77.46919384736843
GRID_13.06_77.48,grid,13.056366581818184,77.47735614545455
GRID_13.06_77.5,grid,13.062086740000002,77.50376156
GRID_13.06_77.51,grid,13.056640643055555,77.50733909166667
GRID_13.06_77.52,grid,13.0591057,77.5198668
GRID_13.06_77.53,grid,13.055597753658537,77.53457118780487
GRID_13.06_77.54,grid,13.0557217,77.5353233
GRID_13.06_77.55,grid,13.057321547567568,77.54695945351352
GRID_13.06_77.56,grid,13.058718509090909,77.55913896363637
GRID_13.06_77.57,grid,13.063651941666668,77.57210118333333
GRID_13.06_77.58,grid,13.060511651629975,77.57816062433398
GRID_13.06_77.59,grid,13.06155912352622,77.59007049334042
GRID_13.06_77.6,grid,13.0590383,77.5990417
GRID_13.06_77.63,grid,13.057472833333334,77.62992773333333
GRID_13.06_77.65,grid,13.060710087333334,77.65106934933334
GRID_13.06_77.74,grid,13.060971416666668,77.74165616666666
GRID_13.06_77.76,grid,13.055179623999999,77.764519272
GRID_13.06_77.77,grid,13.056634575,77.767512025
GRID_13.07_77.44,grid,13.07092332,77.44358251999999
GRID_13.07_77.45,grid,13.067810025,77.44944453
GRID_13.07_77.5,grid,13.070675085714285,77.50353015714286
GRID_13.07_77.53,grid,13.068515409523808,77.53032900238095
GRID_13.07_77.55,grid,13.0664254,77.5524418
GRID_13.07_77.56,grid,13.070158263636364,77.55720614545454
GRID_13.07_77.57,grid,13.067859961111111,77.57079690555555
GRID_13.07_77.58,grid,13.068148129545454,77.58147164772727
GRID_13.07_77.59,grid,13.071008121621116,77.58842966218143
GRID_13.07_77.6,grid,13.072275786666667,77.60339406
GRID_13.07_77.61,grid,13.071754700000001,77.60667333636364
GRID_13.07_77.62,grid,13.070089285714287,77.62237517142857
GRID_13.07_77.63,grid,13.070272051149425,77.63099281954023
GRID_13.07_77.64,grid,13.069418883333334,77.63826348333333
GRID_13.07_77.65,grid,13.072901866666667,77.65159543333333
GRID_13.08_77.5,grid,13.080265966666667,77.50247728333333
GRID_13.08_77.55,grid,13.081772723452255,77.54838813573978
GRID_13.08_77.56,grid,13.079626118518517,77.5591943851852
GRID_13.08_77.58,grid,13.0829831,77.58193426666668
GRID_13.08_77.59,grid,13.07789302,77.5926955
GRID_13.08_77.63,grid,13.081912705555556,77.63434393888889
GRID_13.08_77.64,grid,13.083567150847458,77.63748976440678
GRID_13.09_77.49,grid,13.085736966666667,77.48699253809524
GRID_13.09_77.56,grid,13.088033,77.55594049999999
GRID_13.09_77.58,grid,13.094232646153845,77.5812000076923
GRID_13.09_77.59,grid,13.093649192857143,77.59421949183672
GRID_13.09_77.6,grid,13.093661038461537,77.5976898076923
GRID_13.09_77.63,grid,13.0850077,77.6348042
GRID_13.09_77.64,grid,13.087477931578947,77.63524517894737
GRID_13.0_77.48,grid,13.0008363,77.4819575
GRID_13.0_77.49,grid,12.999629016326532,77.48872178979592
GRID_13.0_77.52,grid,12.998770103333333,77.52398221333333
GRID_13.0_77.53,grid,13.001913362987164,77.52635384639399
GRID_13.0_77.54,grid,13.00049922424088,77.53638290196052
GRID_13.0_77.56,grid,12.99663009876325,77.56270722173144
GRID_13.0_77.57,grid,12.999157963081146,77.57067657143307
GRID_13.0_77.58,grid,12.998645675586854,77.58141189342723
GRID_13.0_77.59,grid,13.002020390410959,77.59332524931507
GRID_13.0_77.6,grid,12.999948330939228,77.59758635359117
GRID_13.0_77.61,grid,12.997784809367397,77.61218897925791
GRID_13.0_77.62,grid,12.998891192227978,77.61948345569948
GRID_13.0_77.63,grid,13.000737005710198,77.62897579377871
GRID_13.0_77.64,grid,13.003018333333332,77.63520615
GRID_13.0_77.65,grid,12.995055683333334,77.653564375
GRID_13.0_77.66,grid,13.003420825373135,77.66231537313433
GRID_13.0_77.67,grid,12.996406084503095,77.66879607077169
GRID_13.0_77.68,grid,13.000496497096663,77.67730860277838
GRID_13.0_77.69,grid,12.996998279039644,77.69257045415564
GRID_13.0_77.7,grid,12.995375450421525,77.6963883122724
GRID_13.0_77.71,grid,13.00442156304348,77.7109514173913
GRID_13.0_77.72,grid,13.003173195918366,77.72269496734694
GRID_13.0_77.76,grid,13.003076726527182,77.75711186573155
GRID_13.11_77.58,grid,13.112243488888888,77.57976052222222
GRID_13.11_77.6,grid,13.107983380952382,77.60266978333333
GRID_13.11_77.61,grid,13.1135136,77.60627086
GRID_13.11_77.63,grid,13.1144957,77.6341878
GRID_13.12_77.58,grid,13.116791714285714,77.57797484642857
GRID_13.12_77.61,grid,13.12090222142857,77.61108189214285
GRID_13.12_77.62,grid,13.121431866666667,77.61987350208334
GRID_13.12_77.63,grid,13.121563367142857,77.63098209977679
GRID_13.13_77.57,grid,13.1302696,77.5717626
GRID_13.14_77.62,grid,13.14355344074074,77.61783713055556
GRID_13.15_77.62,grid,13.14958193125,77.6191705125
GRID_13.16_77.6,grid,13.160785872727272,77.59562729999999
GRID_13.16_77.63,grid,13.161317013043478,77.62658301304349
GRID_13.16_77.64,grid,13.1628009,77.6448425
GRID_13.17_77.73,grid,13.174255,77.7282783
GRID_13.18_77.64,grid,13.175973731578948,77.63583603157895
GRID_13.18_77.68,grid,13.184044065363398,77.67998424357705
GRID_13.18_77.69,grid,13.184081930927835,77.68790758041237
GRID_13.18_77.7,grid,13.1820686,77.6958299
GRID_13.19_77.64,grid,13.188208571428572,77.64311277142858
GRID_13.19_77.65,grid,13.1912518608,77.64623554427587
GRID_13.19_77.67,grid,13.1897037,77.6741922
GRID_13.19_77.68,grid,13.18736892340802,77.68032602824292
GRID_13.19_77.69,grid,13.194750225,77.69061565
GRID_13.19_77.7,grid,13.194268742857144,77.69883155000001
GRID_13.19_77.71,grid,13.1946852,77.7078466
GRID_13.1_77.56,grid,13.097715485714286,77.56373505714285
GRID_13.1_77.57,grid,13.098220407017543,77.57027073859649
GRID_13.1_77.58,grid,13.09892656644737,77.57968609934211
GRID_13.1_77.59,grid,13.09954007615894,77.58855181324503
GRID_13.1_77.6,grid,13.09731581945795,77.59935528704435
GRID_13.1_77.61,grid,13.104051049999999,77.61421225000001
GRID_13.1_77.63,grid,13.101616633333334,77.6316221
GRID_13.23_77.69,grid,13.2302231,77.6933171
GRID_13.24_77.7,grid,13.2421686,77.70413555
GRID_13.24_77.71,grid,13.244505620408162,77.71327729387755
GRID_13.24_77.72,grid,13.244062833333333,77.7157889
GRID_13.25_77.71,grid,13.245638916666667,77.71234053611111
GRID_13.25_77.72,grid,13.248486729411765,77.71559784117646
GRID_13.26_77.71,grid,13.257282400000001,77.71231025
GRID_13.26_77.72,grid,13.2593659,77.71777902
GRID_13.27_77.72,grid,13.266818,77.7192361
GRID_13.29_77.53,grid,13.293684372967755,77.53250753446538
GRID_13.2_77.66,grid,13.201357083333333,77.6620922
GRID_13.2_77.67,grid,13.19835,77.6705883
GRID_13.2_77.68,grid,13.19948992,77.67934608
GRID_13.2_77.69,grid,13.19841726,77.68934537999999
GRID_13.2_77.7,grid,13.197684744827585,77.7036875724138
GRID_13.2_77.71,grid,13.197340155172414,77.70729611724137
